seq,query_id,status,start_s,end_s,rel_start_s,rel_end_s,latency_s
0,q12_0,success,0.000,2.459,0.000,2.459,2.459
1,q6_1,success,30.830,31.056,30.830,31.056,0.226
2,q12_2,success,37.351,39.173,37.351,39.173,1.822
3,q12_3,success,97.351,99.215,97.351,99.215,1.864
4,q12_4,success,157.351,159.237,157.351,159.237,1.886
5,q6_5,success,236.661,237.551,236.661,237.551,0.890
6,q12_6,success,277.351,279.122,277.351,279.122,1.771
7,q12_7,success,337.351,339.181,337.351,339.181,1.830
8,q6_8,success,428.975,429.094,428.975,429.094,0.119
9,q12_9,success,457.351,459.291,457.351,459.291,1.940
10,q12_10,success,517.351,519.207,517.351,519.207,1.856
11,q12_11,success,577.351,579.297,577.351,579.297,1.946
12,q12_12,success,637.351,639.243,637.351,639.243,1.892
13,q1_13,success,755.517,755.895,755.517,755.895,0.378
14,q6_14,success,760.461,760.670,760.461,760.670,0.209
15,q22_15,success,762.287,762.535,762.287,762.535,0.248
16,q6_16,success,767.910,768.026,767.910,768.026,0.116
17,q22_17,success,769.370,769.603,769.370,769.603,0.233
18,q1_18,success,771.103,771.247,771.103,771.247,0.144
19,q13_19,success,771.460,771.997,771.460,771.997,0.537
20,q6_20,success,772.434,773.311,772.434,773.311,0.877
21,q6_21,success,772.898,773.205,772.898,773.205,0.307
22,q6_22,success,774.033,774.186,774.033,774.186,0.153
23,q10_23,success,775.229,779.741,775.229,779.741,4.512
24,q17_24,success,775.565,783.983,775.565,783.983,8.418
25,q6_25,success,776.362,779.694,776.362,779.694,3.332
26,q6_26,success,777.102,779.755,777.102,779.755,2.653
27,q6_27,success,777.986,779.685,777.986,779.685,1.699
28,q1_28,success,778.784,780.019,778.784,780.019,1.235
29,q6_29,success,779.682,780.078,779.682,780.078,0.396
30,q1_30,success,781.079,783.751,781.079,783.751,2.672
31,q6_31,success,781.743,784.001,781.743,784.001,2.258
32,q10_32,success,783.099,784.649,783.099,784.649,1.550
33,q18_33,success,784.633,784.886,784.633,784.886,0.253
34,q1_34,success,786.298,787.700,786.298,787.700,1.402
35,q4_35,success,788.174,788.355,788.174,788.355,0.181
36,q19_36,success,789.295,789.592,789.295,789.592,0.297
37,q1_37,success,790.676,790.870,790.676,790.870,0.194
38,q11_38,success,792.266,793.568,792.266,793.568,1.302
39,q6_39,success,796.396,797.318,796.396,797.318,0.922
40,q21_40,success,801.850,802.727,801.850,802.727,0.877
41,q6_41,success,803.343,803.561,803.343,803.561,0.218
42,q1_42,success,804.905,805.133,804.905,805.133,0.228
43,q13_43,success,806.714,807.900,806.714,807.900,1.186
44,q13_44,success,808.451,808.995,808.451,808.995,0.544
45,q6_45,success,810.493,810.694,810.493,810.694,0.201
46,q6_46,success,812.709,813.633,812.709,813.633,0.924
47,q6_47,success,814.708,814.803,814.708,814.803,0.095
48,q14_48,success,815.798,818.855,815.798,818.855,3.057
49,q1_49,success,817.059,819.413,817.059,819.413,2.354
50,q1_50,success,818.393,819.942,818.393,819.942,1.549
51,q1_51,success,820.213,820.491,820.213,820.491,0.278
52,q6_52,success,821.405,821.556,821.405,821.556,0.151
53,q12_53,success,822.668,822.833,822.668,822.833,0.165
54,q1_54,success,823.232,823.447,823.232,823.447,0.215
55,q16_55,success,825.963,827.300,825.963,827.300,1.337
56,q14_56,success,827.008,827.292,827.008,827.292,0.284
57,q6_57,success,827.951,828.868,827.951,828.868,0.917
58,q1_58,success,828.559,828.733,828.559,828.733,0.174
59,q1_59,success,828.865,829.486,828.865,829.486,0.621
60,q1_60,success,829.100,830.736,829.100,830.736,1.636
61,q6_61,success,829.447,831.057,829.447,831.057,1.610
62,q6_62,success,830.959,831.181,830.959,831.181,0.222
63,q1_63,success,831.090,831.233,831.090,831.233,0.143
64,q6_64,success,831.760,831.881,831.760,831.881,0.121
65,q4_65,success,832.312,832.950,832.312,832.950,0.638
66,q6_66,success,832.486,832.565,832.486,832.565,0.079
67,q6_67,success,833.011,833.405,833.011,833.405,0.394
68,q6_68,success,833.358,833.540,833.358,833.540,0.182
69,q6_69,success,833.910,834.074,833.910,834.074,0.164
70,q6_70,success,834.539,834.739,834.539,834.739,0.200
71,q6_71,success,835.039,835.141,835.039,835.141,0.102
72,q6_72,success,835.762,835.858,835.762,835.858,0.096
73,q6_73,success,836.104,838.050,836.104,838.050,1.946
74,q6_74,success,836.402,836.785,836.402,836.785,0.383
75,q1_75,success,836.946,839.011,836.946,839.011,2.065
76,q6_76,success,837.171,838.296,837.171,838.296,1.125
77,q6_77,success,837.694,839.020,837.694,839.020,1.326
78,q6_78,success,838.306,839.368,838.306,839.368,1.062
79,q1_79,success,838.672,838.911,838.672,838.911,0.239
80,q1_80,success,838.982,839.182,838.982,839.182,0.200
81,q1_81,success,839.204,839.442,839.204,839.442,0.238
82,q6_82,success,839.435,839.541,839.435,839.541,0.106
83,q6_83,success,839.833,839.923,839.833,839.923,0.090
84,q1_84,success,840.498,840.737,840.498,840.737,0.239
85,q1_85,success,840.918,841.059,840.918,841.059,0.141
86,q6_86,success,841.550,841.636,841.550,841.636,0.086
87,q19_87,success,841.785,843.890,841.785,843.890,2.105
88,q6_88,success,842.144,842.853,842.144,842.853,0.709
89,q1_89,success,842.479,842.665,842.479,842.665,0.186
90,q1_90,success,843.101,843.231,843.101,843.231,0.130
91,q6_91,success,843.515,843.897,843.515,843.897,0.382
92,q6_92,success,843.932,844.340,843.932,844.340,0.408
93,q6_93,success,844.121,844.260,844.121,844.260,0.139
94,q6_94,success,844.403,844.523,844.403,844.523,0.120
95,q6_95,success,844.577,845.739,844.577,845.739,1.162
96,q2_96,success,845.064,845.687,845.064,845.687,0.623
97,q6_97,success,845.249,845.394,845.249,845.394,0.145
98,q6_98,success,845.714,846.599,845.714,846.599,0.885
99,q6_99,success,846.355,846.564,846.355,846.564,0.209
100,q1_100,success,846.650,848.096,846.650,848.096,1.446
101,q6_101,success,847.455,847.728,847.455,847.728,0.273
102,q6_102,success,848.187,848.361,848.187,848.361,0.174
103,q1_103,success,848.465,849.876,848.465,849.876,1.411
104,q4_104,success,849.325,849.928,849.325,849.928,0.603
105,q6_105,success,850.072,850.199,850.072,850.199,0.127
106,q6_106,success,850.649,851.557,850.649,851.557,0.908
107,q1_107,success,851.506,851.813,851.506,851.813,0.307
108,q6_108,success,852.695,852.861,852.695,852.861,0.166
109,q1_109,success,853.304,853.517,853.304,853.517,0.213
110,q6_110,success,853.426,853.636,853.426,853.636,0.210
111,q6_111,success,854.366,854.476,854.366,854.476,0.110
112,q6_112,success,854.843,854.918,854.843,854.918,0.075
113,q6_113,success,855.314,855.539,855.314,855.539,0.225
114,q1_114,success,855.641,857.521,855.641,857.521,1.880
115,q1_115,success,855.978,857.902,855.978,857.902,1.924
116,q1_116,success,857.000,857.375,857.000,857.375,0.375
117,q6_117,success,857.524,857.776,857.524,857.776,0.252
118,q6_118,success,857.638,857.797,857.638,857.797,0.159
119,q6_119,success,858.584,858.677,858.584,858.677,0.093
120,q1_120,success,859.016,861.180,859.016,861.180,2.164
121,q6_121,success,859.395,860.017,859.395,860.017,0.622
122,q6_122,success,859.698,860.076,859.698,860.076,0.378
123,q1_123,success,860.130,861.656,860.130,861.656,1.526
124,q1_124,success,860.547,861.474,860.547,861.474,0.927
125,q6_125,success,860.987,861.376,860.987,861.376,0.389
126,q1_126,success,861.691,861.928,861.691,861.928,0.237
127,q1_127,success,862.282,864.366,862.282,864.366,2.084
128,q1_128,success,862.532,863.525,862.532,863.525,0.993
129,q1_129,success,862.873,863.709,862.873,863.709,0.836
130,q18_130,success,863.569,870.390,863.569,870.390,6.821
131,q1_131,success,863.901,865.881,863.901,865.881,1.980
132,q18_132,success,864.646,868.065,864.646,868.065,3.419
133,q4_133,success,865.376,868.658,865.376,868.658,3.282
134,q1_134,success,865.977,868.089,865.977,868.089,2.112
135,q6_135,success,867.349,867.931,867.349,867.931,0.582
136,q6_136,success,868.614,869.835,868.614,869.835,1.221
137,q18_137,success,870.682,871.027,870.682,871.027,0.345
138,q1_138,success,872.126,872.270,872.126,872.270,0.144
139,q1_139,success,873.660,875.338,873.660,875.338,1.678
140,q1_140,success,874.093,875.399,874.093,875.399,1.306
141,q6_141,success,874.391,875.919,874.391,875.919,1.528
142,q6_142,success,874.722,875.999,874.722,875.999,1.277
143,q6_143,success,875.405,876.402,875.405,876.402,0.997
144,q1_144,success,875.919,877.426,875.919,877.426,1.507
145,q1_145,success,876.379,878.328,876.379,878.328,1.949
146,q1_146,success,877.229,878.039,877.229,878.039,0.810
147,q6_147,success,877.708,878.005,877.708,878.005,0.297
148,q1_148,success,877.963,878.115,877.963,878.115,0.152
149,q6_149,success,878.515,878.694,878.515,878.694,0.179
150,q18_150,success,879.060,880.074,879.060,880.074,1.014
151,q6_151,success,879.902,880.983,879.902,880.983,1.081
152,q6_152,success,880.232,881.243,880.232,881.243,1.011
153,q6_153,success,880.555,881.213,880.555,881.213,0.658
154,q1_154,success,880.807,883.064,880.807,883.064,2.257
155,q1_155,success,881.014,883.653,881.014,883.653,2.639
156,q1_156,success,881.211,883.888,881.211,883.888,2.677
157,q1_157,success,881.491,884.564,881.491,884.564,3.073
158,q6_158,success,881.747,884.706,881.747,884.706,2.959
159,q1_159,success,881.978,884.805,881.978,884.805,2.827
160,q1_160,success,882.583,887.431,882.583,887.431,4.848
161,q6_161,success,882.972,885.351,882.972,885.351,2.379
162,q6_162,success,883.638,887.177,883.638,887.177,3.539
163,q17_163,success,883.934,893.287,883.934,893.287,9.353
164,q6_164,success,884.727,888.049,884.727,888.049,3.322
165,q6_165,success,885.218,888.088,885.218,888.088,2.870
166,q1_166,success,885.522,888.819,885.522,888.819,3.297
167,q1_167,success,885.875,890.827,885.875,890.827,4.952
168,q6_168,success,886.303,888.987,886.303,888.987,2.684
169,q6_169,success,887.592,889.024,887.592,889.024,1.432
170,q6_170,success,888.039,890.365,888.039,890.365,2.326
171,q1_171,success,888.737,892.176,888.737,892.176,3.439
172,q6_172,success,889.032,890.889,889.032,890.889,1.857
173,q6_173,success,889.346,890.916,889.346,890.916,1.570
174,q1_174,success,890.339,892.392,890.339,892.392,2.053
175,q6_175,success,890.703,892.292,890.703,892.292,1.589
176,q6_176,success,890.863,892.457,890.863,892.457,1.594
177,q6_177,success,891.330,893.564,891.330,893.564,2.234
178,q1_178,success,892.224,894.426,892.224,894.426,2.202
179,q6_179,success,892.672,894.270,892.672,894.270,1.598
180,q1_180,success,892.951,894.832,892.951,894.832,1.881
181,q6_181,success,893.156,894.868,893.156,894.868,1.712
182,q6_182,success,893.459,894.650,893.459,894.650,1.191
183,q16_183,success,894.202,894.843,894.202,894.843,0.641
184,q1_184,success,895.246,896.732,895.246,896.732,1.486
185,q6_185,success,896.351,896.743,896.351,896.743,0.392
186,q6_186,success,897.342,898.270,897.342,898.270,0.928
187,q6_187,success,897.745,898.621,897.745,898.621,0.876
188,q1_188,success,899.084,899.299,899.084,899.299,0.215
189,q6_189,success,899.719,899.873,899.719,899.873,0.154
190,q19_190,success,900.270,900.585,900.270,900.585,0.315
191,q6_191,success,901.491,902.385,901.491,902.385,0.894
192,q18_192,success,902.070,902.357,902.070,902.357,0.287
193,q1_193,success,903.087,903.284,903.087,903.284,0.197
194,q1_194,success,904.582,904.710,904.582,904.710,0.128
195,q13_195,success,906.262,906.869,906.262,906.869,0.607
196,q6_196,success,907.382,907.560,907.382,907.560,0.178
197,q2_197,success,908.646,909.050,908.646,909.050,0.404
198,q1_198,success,910.098,911.513,910.098,911.513,1.415
199,q6_199,success,910.269,911.147,910.269,911.147,0.878
200,q6_200,success,910.625,911.122,910.625,911.122,0.497
201,q6_201,success,911.578,911.781,911.578,911.781,0.203
202,q6_202,success,912.186,912.347,912.186,912.347,0.161
203,q6_203,success,912.552,912.730,912.552,912.730,0.178
204,q22_204,success,913.196,913.452,913.196,913.452,0.256
205,q1_205,success,914.222,915.641,914.222,915.641,1.419
206,q1_206,success,915.138,915.641,915.138,915.641,0.503
207,q6_207,success,915.589,916.489,915.589,916.489,0.900
208,q6_208,success,916.173,916.297,916.173,916.297,0.124
209,q6_209,success,917.239,917.468,917.239,917.468,0.229
210,q6_210,success,918.771,918.884,918.771,918.884,0.113
211,q6_211,success,919.465,919.657,919.465,919.657,0.192
212,q1_212,success,920.142,921.568,920.142,921.568,1.426
213,q6_213,success,920.461,921.848,920.461,921.848,1.387
214,q6_214,success,921.549,921.697,921.549,921.697,0.148
215,q6_215,success,922.157,922.274,922.157,922.274,0.117
216,q6_216,success,922.546,922.746,922.546,922.746,0.200
217,q6_217,success,922.861,923.006,922.861,923.006,0.145
218,q6_218,success,923.368,923.524,923.368,923.524,0.156
219,q1_219,success,923.664,923.890,923.664,923.890,0.226
220,q1_220,success,924.404,924.641,924.404,924.641,0.237
221,q1_221,success,924.903,926.294,924.903,926.294,1.391
222,q6_222,success,925.323,926.762,925.323,926.762,1.439
223,q6_223,success,925.804,926.487,925.804,926.487,0.683
224,q12_224,success,926.203,926.540,926.203,926.540,0.337
225,q1_225,success,926.640,929.482,926.640,929.482,2.842
226,q1_226,success,927.096,930.046,927.096,930.046,2.950
227,q4_227,success,927.790,930.057,927.790,930.057,2.267
228,q1_228,success,928.348,929.954,928.348,929.954,1.606
229,q1_229,success,928.614,930.583,928.614,930.583,1.969
230,q6_230,success,928.870,930.026,928.870,930.026,1.156
231,q1_231,success,929.635,930.160,929.635,930.160,0.525
232,q6_232,success,929.956,930.277,929.956,930.277,0.321
233,q6_233,success,930.627,930.722,930.627,930.722,0.095
234,q1_234,success,930.894,932.284,930.894,932.284,1.390
235,q13_235,success,931.931,933.187,931.931,933.187,1.256
236,q1_236,success,933.460,933.597,933.460,933.597,0.137
237,q6_237,success,934.799,935.656,934.799,935.656,0.857
238,q2_238,success,936.116,936.615,936.116,936.615,0.499
239,q1_239,success,937.478,937.668,937.478,937.668,0.190
240,q1_240,success,938.384,938.548,938.384,938.548,0.164
241,q1_241,success,939.273,939.403,939.273,939.403,0.130
242,q6_242,success,940.602,940.696,940.602,940.696,0.094
243,q11_243,success,941.744,941.991,941.744,941.991,0.247
244,q6_244,success,942.435,943.332,942.435,943.332,0.897
245,q1_245,success,944.078,944.337,944.078,944.337,0.259
246,q1_246,success,944.899,947.180,944.899,947.180,2.281
247,q1_247,success,945.495,948.165,945.495,948.165,2.670
248,q1_248,success,946.291,948.355,946.291,948.355,2.064
249,q6_249,success,946.377,947.965,946.377,947.965,1.588
250,q1_250,success,946.811,949.527,946.811,949.527,2.716
251,q6_251,success,947.260,948.032,947.260,948.032,0.772
252,q6_252,success,947.508,947.830,947.508,947.830,0.322
253,q1_253,success,948.484,949.939,948.484,949.939,1.455
254,q1_254,success,949.230,949.818,949.230,949.818,0.588
255,q6_255,success,950.744,950.930,950.744,950.930,0.186
256,q6_256,success,952.023,952.216,952.023,952.216,0.193
257,q1_257,success,953.637,955.031,953.637,955.031,1.394
258,q6_258,success,954.321,954.909,954.321,954.909,0.588
259,q10_259,success,955.045,956.902,955.045,956.902,1.857
260,q19_260,success,956.268,958.456,956.268,958.456,2.188
261,q6_261,success,957.447,957.578,957.447,957.578,0.131
262,q1_262,success,959.367,959.671,959.367,959.671,0.304
263,q1_263,success,960.786,962.303,960.786,962.303,1.517
264,q12_264,success,961.364,962.278,961.364,962.278,0.914
265,q1_265,success,962.236,964.408,962.236,964.408,2.172
266,q1_266,success,963.436,965.500,963.436,965.500,2.064
267,q1_267,success,964.408,965.899,964.408,965.899,1.491
268,q1_268,success,965.783,967.273,965.783,967.273,1.490
269,q2_269,success,966.540,968.869,966.540,968.869,2.329
270,q1_270,success,967.126,968.646,967.126,968.646,1.520
271,q1_271,success,968.952,970.492,968.952,970.492,1.540
272,q1_272,success,971.191,972.609,971.191,972.609,1.418
273,q1_273,success,973.238,973.461,973.238,973.461,0.223
274,q14_274,success,974.404,974.556,974.404,974.556,0.152
275,q1_275,success,975.781,976.048,975.781,976.048,0.267
276,q6_276,success,978.297,978.456,978.297,978.456,0.159
277,q6_277,success,980.019,980.189,980.019,980.189,0.170
278,q1_278,success,980.875,981.099,980.875,981.099,0.224
279,q6_279,success,982.605,983.602,982.605,983.602,0.997
280,q1_280,success,983.577,985.059,983.577,985.059,1.482
281,q1_281,success,986.356,987.763,986.356,987.763,1.407
282,q17_282,success,987.131,987.866,987.131,987.866,0.735
283,q1_283,success,989.411,990.805,989.411,990.805,1.394
284,q3_284,success,991.768,995.131,991.768,995.131,3.363
285,q4_285,success,992.743,993.588,992.743,993.588,0.845
286,q11_286,success,995.203,995.417,995.203,995.417,0.214
287,q6_287,success,997.130,997.369,997.130,997.369,0.239
288,q6_288,success,998.126,999.027,998.126,999.027,0.901
289,q1_289,success,999.501,999.778,999.501,999.778,0.277
290,q6_290,success,1001.300,1001.504,1001.300,1001.504,0.204
291,q1_291,success,1003.156,1005.034,1003.156,1005.034,1.878
292,q1_292,success,1003.696,1005.530,1003.696,1005.530,1.834
293,q1_293,success,1005.027,1005.206,1005.027,1005.206,0.179
294,q1_294,success,1005.609,1005.978,1005.609,1005.978,0.369
295,q1_295,success,1006.346,1007.771,1006.346,1007.771,1.425
296,q1_296,success,1007.200,1007.495,1007.200,1007.495,0.295
297,q1_297,success,1007.796,1007.945,1007.796,1007.945,0.149
298,q6_298,success,1008.051,1008.151,1008.051,1008.151,0.100
299,q1_299,success,1008.837,1010.218,1008.837,1010.218,1.381
300,q1_300,success,1010.040,1011.656,1010.040,1011.656,1.616
301,q6_301,success,1010.598,1012.040,1010.598,1012.040,1.442
302,q1_302,success,1011.524,1012.940,1011.524,1012.940,1.416
303,q1_303,success,1013.015,1014.526,1013.015,1014.526,1.511
304,q1_304,success,1013.413,1015.400,1013.413,1015.400,1.987
305,q1_305,success,1015.257,1019.990,1015.257,1019.990,4.733
306,q8_306,success,1015.534,1025.440,1015.534,1025.440,9.906
307,q1_307,success,1016.040,1020.967,1016.040,1020.967,4.927
308,q6_308,success,1017.268,1020.636,1017.268,1020.636,3.368
309,q1_309,success,1017.929,1021.248,1017.929,1021.248,3.319
310,q1_310,success,1018.217,1021.443,1018.217,1021.443,3.226
311,q1_311,success,1018.807,1021.481,1018.807,1021.481,2.674
312,q6_312,success,1019.070,1021.318,1019.070,1021.318,2.248
313,q6_313,success,1019.456,1021.743,1019.456,1021.743,2.287
314,q6_314,success,1020.483,1021.621,1020.483,1021.621,1.138
315,q14_315,success,1021.272,1021.634,1021.272,1021.634,0.362
316,q2_316,success,1022.970,1023.445,1022.970,1023.445,0.475
317,q13_317,success,1023.888,1025.455,1023.888,1025.455,1.567
318,q6_318,success,1025.191,1025.651,1025.191,1025.651,0.460
319,q1_319,success,1025.925,1026.427,1025.925,1026.427,0.502
320,q6_320,success,1027.300,1027.448,1027.300,1027.448,0.148
321,q12_321,success,1029.582,1031.194,1029.582,1031.194,1.612
322,q1_322,success,1031.698,1033.310,1031.698,1033.310,1.612
323,q2_323,success,1034.206,1035.821,1034.206,1035.821,1.615
324,q2_324,success,1035.268,1037.476,1035.268,1037.476,2.208
325,q1_325,success,1036.213,1037.751,1036.213,1037.751,1.538
326,q1_326,success,1037.411,1038.965,1037.411,1038.965,1.554
327,q1_327,success,1039.555,1040.969,1039.555,1040.969,1.414
328,q1_328,success,1040.673,1040.838,1040.673,1040.838,0.165
329,q1_329,success,1043.048,1044.614,1043.048,1044.614,1.566
330,q1_330,success,1044.081,1045.506,1044.081,1045.506,1.425
331,q1_331,success,1045.832,1045.972,1045.832,1045.972,0.140
332,q1_332,success,1047.808,1048.071,1047.808,1048.071,0.263
333,q6_333,success,1048.349,1048.594,1048.349,1048.594,0.245
334,q1_334,success,1049.321,1049.492,1049.321,1049.492,0.171
335,q1_335,success,1051.225,1051.397,1051.225,1051.397,0.172
336,q6_336,success,1052.418,1052.566,1052.418,1052.566,0.148
337,q1_337,success,1053.707,1055.192,1053.707,1055.192,1.485
338,q1_338,success,1055.538,1056.914,1055.538,1056.914,1.376
339,q1_339,success,1058.174,1058.365,1058.174,1058.365,0.191
340,q1_340,success,1059.109,1059.343,1059.109,1059.343,0.234
341,q1_341,success,1060.267,1060.559,1060.267,1060.559,0.292
342,q1_342,success,1060.822,1061.049,1060.822,1061.049,0.227
343,q1_343,success,1061.573,1061.797,1061.573,1061.797,0.224
344,q1_344,success,1062.700,1064.198,1062.700,1064.198,1.498
345,q1_345,success,1063.479,1064.085,1063.479,1064.085,0.606
346,q1_346,success,1064.020,1064.244,1064.020,1064.244,0.224
347,q1_347,success,1064.622,1064.858,1064.622,1064.858,0.236
348,q1_348,success,1065.236,1065.375,1065.236,1065.375,0.139
349,q1_349,success,1066.436,1066.688,1066.436,1066.688,0.252
350,q1_350,success,1067.366,1067.589,1067.366,1067.589,0.223
351,q1_351,success,1068.352,1068.615,1068.352,1068.615,0.263
352,q2_352,success,1075.125,1075.740,1075.125,1075.740,0.615
353,q11_353,success,1079.728,1079.887,1079.728,1079.887,0.159
354,q6_354,success,1089.011,1090.057,1089.011,1090.057,1.046
355,q14_355,success,1093.491,1093.921,1093.491,1093.921,0.430
356,q7_356,success,1097.405,1098.205,1097.405,1098.205,0.800
357,q1_357,success,1098.714,1098.970,1098.714,1098.970,0.256
358,q6_358,success,1100.241,1101.347,1100.241,1101.347,1.106
359,q1_359,success,1105.213,1105.360,1105.213,1105.360,0.147
360,q2_360,success,1110.275,1110.798,1110.275,1110.798,0.523
361,q21_361,success,1117.405,1129.039,1117.405,1129.039,11.634
362,q6_362,success,1118.003,1120.435,1118.003,1120.435,2.432
363,q1_363,success,1119.251,1121.872,1119.251,1121.872,2.621
364,q1_364,success,1121.926,1124.965,1121.926,1124.965,3.039
365,q1_365,success,1122.686,1124.198,1122.686,1124.198,1.512
366,q1_366,success,1123.867,1124.993,1123.867,1124.993,1.126
367,q1_367,success,1124.635,1125.099,1124.635,1125.099,0.464
368,q6_368,success,1125.295,1126.674,1125.295,1126.674,1.379
369,q1_369,success,1125.791,1126.419,1125.791,1126.419,0.628
370,q1_370,success,1126.830,1128.924,1126.830,1128.924,2.094
371,q6_371,success,1128.048,1129.229,1128.048,1129.229,1.181
372,q1_372,success,1129.744,1129.913,1129.744,1129.913,0.169
373,q1_373,success,1130.271,1130.590,1130.271,1130.590,0.319
374,q12_374,error,1130.868,1130.868,1130.868,1130.868,0.000
375,q1_375,success,1131.904,1133.415,1131.904,1133.415,1.511
376,q1_376,error,1133.284,1133.284,1133.284,1133.284,0.000
377,q1_377,success,1134.126,1135.645,1134.126,1135.645,1.519
378,q6_378,success,1135.049,1135.547,1135.049,1135.547,0.498
379,q1_379,success,1136.259,1136.415,1136.259,1136.415,0.156
380,q1_380,success,1136.953,1138.448,1136.953,1138.448,1.495
381,q6_381,success,1138.022,1138.247,1138.022,1138.247,0.225
382,q1_382,success,1138.347,1138.604,1138.347,1138.604,0.257
383,q1_383,success,1139.063,1139.338,1139.063,1139.338,0.275
384,q6_384,success,1140.697,1141.611,1140.697,1141.611,0.914
385,q6_385,success,1141.431,1141.657,1141.431,1141.657,0.226
386,q1_386,success,1141.877,1142.152,1141.877,1142.152,0.275
387,q6_387,success,1142.849,1142.989,1142.849,1142.989,0.140
388,q6_388,success,1143.646,1143.843,1143.646,1143.843,0.197
389,q1_389,success,1144.163,1145.560,1144.163,1145.560,1.397
390,q6_390,success,1146.062,1146.264,1146.062,1146.264,0.202
391,q1_391,success,1147.195,1147.430,1147.195,1147.430,0.235
392,q6_392,success,1148.036,1149.003,1148.036,1149.003,0.967
393,q1_393,success,1148.938,1149.214,1148.938,1149.214,0.276
394,q12_394,success,1149.867,1150.043,1149.867,1150.043,0.176
395,q1_395,success,1151.248,1151.404,1151.248,1151.404,0.156
396,q6_396,success,1152.145,1152.356,1152.145,1152.356,0.211
397,q1_397,success,1155.375,1156.831,1155.375,1156.831,1.456
398,q6_398,success,1159.029,1159.250,1159.029,1159.250,0.221
399,q6_399,success,1163.021,1163.239,1163.021,1163.239,0.218
400,q1_400,success,1163.956,1164.097,1163.956,1164.097,0.141
401,q1_401,success,1164.631,1164.788,1164.631,1164.788,0.157
402,q6_402,success,1166.426,1166.619,1166.426,1166.619,0.193
403,q6_403,success,1167.009,1167.163,1167.009,1167.163,0.154
404,q6_404,success,1167.790,1167.970,1167.790,1167.970,0.180
405,q6_405,success,1168.186,1169.063,1168.186,1169.063,0.877
406,q6_406,success,1168.868,1169.051,1168.868,1169.051,0.183
407,q6_407,success,1169.571,1169.710,1169.571,1169.710,0.139
408,q6_408,success,1170.602,1170.744,1170.602,1170.744,0.142
409,q6_409,success,1170.913,1171.130,1170.913,1171.130,0.217
410,q6_410,success,1171.211,1171.408,1171.211,1171.408,0.197
411,q6_411,success,1171.729,1171.946,1171.729,1171.946,0.217
412,q6_412,success,1172.760,1172.974,1172.760,1172.974,0.214
413,q1_413,success,1173.448,1173.594,1173.448,1173.594,0.146
414,q12_414,success,1175.542,1177.513,1175.542,1177.513,1.971
415,q6_415,success,1176.677,1177.979,1176.677,1177.979,1.302
416,q1_416,success,1179.468,1179.651,1179.468,1179.651,0.183
417,q1_417,success,1181.591,1181.805,1181.591,1181.805,0.214
418,q1_418,success,1183.658,1185.063,1183.658,1185.063,1.405
419,q1_419,success,1185.457,1185.703,1185.457,1185.703,0.246
420,q1_420,success,1186.168,1186.432,1186.168,1186.432,0.264
421,q1_421,success,1188.741,1188.958,1188.741,1188.958,0.217
422,q1_422,success,1190.277,1191.742,1190.277,1191.742,1.465
423,q6_423,success,1192.895,1193.133,1192.895,1193.133,0.238
424,q1_424,success,1193.717,1193.861,1193.717,1193.861,0.144
425,q6_425,success,1195.241,1195.421,1195.241,1195.421,0.180
426,q6_426,success,1195.789,1196.663,1195.789,1196.663,0.874
427,q6_427,success,1197.589,1197.762,1197.589,1197.762,0.173
428,q1_428,success,1199.044,1199.257,1199.044,1199.257,0.213
429,q6_429,success,1199.517,1199.706,1199.517,1199.706,0.189
430,q6_430,success,1200.990,1201.190,1200.990,1201.190,0.200
431,q6_431,success,1202.058,1202.248,1202.058,1202.248,0.190
432,q1_432,success,1202.999,1204.478,1202.999,1204.478,1.479
433,q10_433,success,1203.530,1206.028,1203.530,1206.028,2.498
434,q1_434,success,1204.079,1205.671,1204.079,1205.671,1.592
435,q6_435,success,1204.778,1205.980,1204.778,1205.980,1.202
436,q6_436,success,1205.904,1206.154,1205.904,1206.154,0.250
437,q6_437,success,1207.096,1207.197,1207.096,1207.197,0.101
438,q6_438,success,1208.853,1209.067,1208.853,1209.067,0.214
439,q6_439,success,1209.784,1210.678,1209.784,1210.678,0.894
440,q19_440,success,1210.689,1211.244,1210.689,1211.244,0.555
441,q6_441,success,1212.298,1212.471,1212.298,1212.471,0.173
442,q1_442,success,1214.103,1214.295,1214.103,1214.295,0.192
443,q6_443,success,1215.498,1216.454,1215.498,1216.454,0.956
444,q6_444,success,1216.995,1217.211,1216.995,1217.211,0.216
445,q6_445,success,1217.480,1217.580,1217.480,1217.580,0.100
446,q1_446,success,1219.008,1220.988,1219.008,1220.988,1.980
447,q1_447,success,1219.511,1221.355,1219.511,1221.355,1.844
448,q6_448,success,1221.225,1221.321,1221.225,1221.321,0.096
449,q6_449,success,1223.344,1223.577,1223.344,1223.577,0.233
450,q1_450,success,1224.679,1224.925,1224.679,1224.925,0.246
451,q6_451,success,1225.127,1225.295,1225.127,1225.295,0.168
452,q1_452,success,1226.678,1228.101,1226.678,1228.101,1.423
453,q6_453,success,1228.698,1228.894,1228.698,1228.894,0.196
454,q6_454,success,1229.237,1229.437,1229.237,1229.437,0.200
455,q6_455,success,1230.122,1230.289,1230.122,1230.289,0.167
456,q6_456,success,1230.791,1231.683,1230.791,1231.683,0.892
457,q6_457,success,1233.062,1233.213,1233.062,1233.213,0.151
458,q1_458,success,1236.926,1237.086,1236.926,1237.086,0.160
459,q6_459,success,1237.771,1238.681,1237.771,1238.681,0.910
460,q6_460,success,1238.319,1238.454,1238.319,1238.454,0.135
461,q6_461,success,1239.245,1240.287,1239.245,1240.287,1.042
462,q1_462,success,1239.882,1241.356,1239.882,1241.356,1.474
463,q1_463,success,1240.649,1241.257,1240.649,1241.257,0.608
464,q1_464,success,1241.311,1243.241,1241.311,1243.241,1.930
465,q1_465,success,1242.029,1243.811,1242.029,1243.811,1.782
466,q1_466,success,1242.859,1244.997,1242.859,1244.997,2.138
467,q1_467,success,1243.117,1243.326,1243.117,1243.326,0.209
468,q6_468,success,1243.841,1244.525,1243.841,1244.525,0.684
469,q6_469,success,1244.409,1245.337,1244.409,1245.337,0.928
470,q6_470,success,1245.111,1245.231,1245.111,1245.231,0.120
471,q1_471,success,1245.832,1248.471,1245.832,1248.471,2.639
472,q1_472,success,1246.157,1248.862,1246.157,1248.862,2.705
473,q6_473,success,1246.421,1247.589,1246.421,1247.589,1.168
474,q1_474,success,1246.685,1250.257,1246.685,1250.257,3.572
475,q1_475,success,1247.013,1250.253,1247.013,1250.253,3.240
476,q6_476,success,1247.399,1249.209,1247.399,1249.209,1.810
477,q1_477,success,1247.899,1250.594,1247.899,1250.594,2.695
478,q1_478,success,1248.198,1250.376,1248.198,1250.376,2.178
479,q1_479,success,1248.676,1250.635,1248.676,1250.635,1.959
480,q1_480,success,1249.035,1251.374,1249.035,1251.374,2.339
481,q6_481,success,1249.438,1250.326,1249.438,1250.326,0.888
482,q6_482,success,1249.768,1250.633,1249.768,1250.633,0.865
483,q6_483,success,1250.338,1250.697,1250.338,1250.697,0.359
484,q1_484,success,1250.857,1252.658,1250.857,1252.658,1.801
485,q1_485,success,1251.237,1252.189,1251.237,1252.189,0.952
486,q6_486,success,1251.486,1252.792,1251.486,1252.792,1.306
487,q6_487,success,1252.282,1253.209,1252.282,1253.209,0.927
488,q6_488,success,1252.681,1253.013,1252.681,1253.013,0.332
489,q1_489,success,1253.079,1254.594,1253.079,1254.594,1.515
490,q6_490,success,1253.609,1254.286,1253.609,1254.286,0.677
491,q1_491,success,1254.406,1254.539,1254.406,1254.539,0.133
492,q6_492,success,1254.684,1254.838,1254.684,1254.838,0.154
493,q1_493,success,1255.093,1256.589,1255.093,1256.589,1.496
494,q6_494,success,1255.410,1256.825,1255.410,1256.825,1.415
495,q1_495,success,1256.003,1256.429,1256.003,1256.429,0.426
496,q1_496,success,1256.699,1256.897,1256.699,1256.897,0.198
497,q1_497,success,1257.691,1259.165,1257.691,1259.165,1.474
498,q6_498,success,1259.076,1259.233,1259.076,1259.233,0.157
499,q6_499,success,1260.457,1260.565,1260.457,1260.565,0.108
500,q6_500,success,1267.091,1267.230,1267.091,1267.230,0.139
501,q1_501,success,1271.612,1271.833,1271.612,1271.833,0.221
502,q1_502,success,1275.416,1275.559,1275.416,1275.559,0.143
503,q1_503,success,1277.017,1278.441,1277.017,1278.441,1.424
504,q6_504,success,1278.042,1278.280,1278.042,1278.280,0.238
505,q1_505,success,1279.462,1280.866,1279.462,1280.866,1.404
506,q6_506,success,1280.568,1281.501,1280.568,1281.501,0.933
507,q6_507,success,1280.974,1281.238,1280.974,1281.238,0.264
508,q6_508,success,1281.843,1282.058,1281.843,1282.058,0.215
509,q1_509,success,1282.393,1283.833,1282.393,1283.833,1.440
510,q1_510,success,1282.487,1283.559,1282.487,1283.559,1.072
511,q6_511,success,1283.709,1283.914,1283.709,1283.914,0.205
512,q6_512,success,1284.037,1285.410,1284.037,1285.410,1.373
513,q1_513,success,1284.420,1285.859,1284.420,1285.859,1.439
514,q6_514,success,1284.779,1286.260,1284.779,1286.260,1.481
515,q6_515,success,1285.254,1285.936,1285.254,1285.936,0.682
516,q1_516,success,1285.597,1285.963,1285.597,1285.963,0.366
517,q6_517,success,1285.989,1286.936,1285.989,1286.936,0.947
518,q1_518,success,1286.272,1286.822,1286.272,1286.822,0.550
519,q1_519,success,1286.566,1286.868,1286.566,1286.868,0.302
520,q6_520,success,1286.854,1287.031,1286.854,1287.031,0.177
521,q6_521,success,1287.657,1287.817,1287.657,1287.817,0.160
522,q1_522,success,1288.224,1288.339,1288.224,1288.339,0.115
523,q6_523,success,1289.851,1290.051,1289.851,1290.051,0.200
524,q1_524,success,1291.440,1291.580,1291.440,1291.580,0.140
525,q6_525,success,1293.125,1294.000,1293.125,1294.000,0.875
526,q2_526,success,1295.758,1295.998,1295.758,1295.998,0.240
527,q1_527,success,1296.810,1298.208,1296.810,1298.208,1.398
528,q1_528,success,1299.721,1299.927,1299.721,1299.927,0.206
529,q1_529,success,1300.504,1300.648,1300.504,1300.648,0.144
530,q1_530,success,1301.247,1301.380,1301.247,1301.380,0.133
531,q6_531,success,1302.905,1303.073,1302.905,1303.073,0.168
532,q1_532,success,1303.446,1303.667,1303.446,1303.667,0.221
533,q1_533,success,1304.398,1304.628,1304.398,1304.628,0.230
534,q1_534,success,1305.533,1305.709,1305.533,1305.709,0.176
535,q6_535,success,1306.826,1306.949,1306.826,1306.949,0.123
536,q1_536,success,1308.030,1309.554,1308.030,1309.554,1.524
537,q6_537,success,1309.186,1309.355,1309.186,1309.355,0.169
538,q1_538,success,1310.206,1310.443,1310.206,1310.443,0.237
539,q6_539,success,1311.231,1311.396,1311.231,1311.396,0.165
540,q1_540,success,1312.864,1314.247,1312.864,1314.247,1.383
541,q6_541,success,1313.462,1314.098,1313.462,1314.098,0.636
542,q6_542,success,1314.073,1314.229,1314.073,1314.229,0.156
543,q1_543,success,1314.289,1314.436,1314.289,1314.436,0.147
544,q1_544,success,1315.196,1315.421,1315.196,1315.421,0.225
545,q6_545,success,1315.613,1315.738,1315.613,1315.738,0.125
546,q1_546,success,1316.224,1316.463,1316.224,1316.463,0.239
547,q1_547,success,1316.612,1316.837,1316.612,1316.837,0.225
548,q1_548,success,1317.035,1317.266,1317.035,1317.266,0.231
549,q6_549,success,1317.634,1317.798,1317.634,1317.798,0.164
550,q6_550,success,1317.942,1318.053,1317.942,1318.053,0.111
551,q1_551,success,1318.415,1318.536,1318.415,1318.536,0.121
552,q6_552,success,1318.891,1319.998,1318.891,1319.998,1.107
553,q6_553,success,1319.416,1320.255,1319.416,1320.255,0.839
554,q1_554,success,1319.753,1320.209,1319.753,1320.209,0.456
555,q19_555,success,1320.230,1320.582,1320.230,1320.582,0.352
556,q1_556,success,1320.924,1322.427,1320.924,1322.427,1.503
557,q6_557,success,1321.476,1322.200,1321.476,1322.200,0.724
558,q1_558,success,1321.995,1322.275,1321.995,1322.275,0.280
559,q2_559,success,1322.311,1322.521,1322.311,1322.521,0.210
560,q1_560,success,1322.549,1322.705,1322.549,1322.705,0.156
561,q1_561,success,1323.020,1323.250,1323.020,1323.250,0.230
562,q6_562,success,1323.418,1323.539,1323.418,1323.539,0.121
563,q1_563,success,1323.734,1323.975,1323.734,1323.975,0.241
564,q1_564,success,1323.972,1325.343,1323.972,1325.343,1.371
565,q1_565,success,1324.600,1325.188,1324.600,1325.188,0.588
566,q6_566,success,1325.581,1325.726,1325.581,1325.726,0.145
567,q1_567,success,1326.139,1327.551,1326.139,1327.551,1.412
568,q6_568,success,1327.207,1327.353,1327.207,1327.353,0.146
569,q1_569,success,1327.382,1327.512,1327.382,1327.512,0.130
570,q1_570,success,1328.235,1328.496,1328.235,1328.496,0.261
571,q1_571,success,1328.777,1328.988,1328.777,1328.988,0.211
572,q3_572,success,1329.111,1332.447,1329.111,1332.447,3.336
573,q1_573,success,1329.599,1331.106,1329.599,1331.106,1.507
574,q6_574,success,1330.413,1331.421,1330.413,1331.421,1.008
575,q1_575,success,1330.710,1331.265,1330.710,1331.265,0.555
576,q6_576,success,1331.563,1331.924,1331.563,1331.924,0.361
577,q6_577,success,1332.471,1333.561,1332.471,1333.561,1.090
578,q6_578,success,1333.081,1333.456,1333.081,1333.456,0.375
579,q6_579,success,1333.971,1334.113,1333.971,1334.113,0.142
580,q1_580,success,1334.705,1336.081,1334.705,1336.081,1.376
581,q6_581,success,1335.649,1335.955,1335.649,1335.955,0.306
582,q1_582,success,1336.117,1336.314,1336.117,1336.314,0.197
583,q1_583,success,1337.291,1337.411,1337.291,1337.411,0.120
584,q6_584,success,1339.160,1339.264,1339.160,1339.264,0.104
585,q6_585,success,1340.183,1341.090,1340.183,1341.090,0.907
586,q6_586,success,1342.168,1342.328,1342.168,1342.328,0.160
587,q1_587,success,1344.838,1346.244,1344.838,1346.244,1.406
588,q6_588,success,1345.682,1346.137,1345.682,1346.137,0.455
589,q1_589,success,1346.527,1346.806,1346.527,1346.806,0.279
590,q1_590,success,1347.115,1348.489,1347.115,1348.489,1.374
591,q6_591,success,1348.371,1349.298,1348.371,1349.298,0.927
592,q6_592,success,1348.712,1349.061,1348.712,1349.061,0.349
593,q1_593,success,1349.340,1349.458,1349.340,1349.458,0.118
594,q1_594,success,1349.940,1352.568,1349.940,1352.568,2.628
595,q6_595,success,1350.363,1351.834,1350.363,1351.834,1.471
596,q1_596,success,1350.617,1351.579,1350.617,1351.579,0.962
597,q1_597,success,1351.268,1352.823,1351.268,1352.823,1.555
598,q1_598,success,1351.723,1353.834,1351.723,1353.834,2.111
599,q1_599,success,1352.666,1353.874,1352.666,1353.874,1.208
600,q13_600,success,1353.195,1356.220,1353.195,1356.220,3.025
601,q1_601,success,1354.013,1354.154,1354.013,1354.154,0.141
602,q6_602,success,1354.886,1355.298,1354.886,1355.298,0.412
603,q6_603,success,1355.429,1356.539,1355.429,1356.539,1.110
604,q6_604,success,1355.890,1356.269,1355.890,1356.269,0.379
605,q1_605,success,1356.640,1358.259,1356.640,1358.259,1.619
606,q6_606,success,1356.912,1358.379,1356.912,1358.379,1.467
607,q1_607,success,1357.472,1358.480,1357.472,1358.480,1.008
608,q6_608,success,1357.794,1358.828,1357.794,1358.828,1.034
609,q1_609,success,1358.121,1358.693,1358.121,1358.693,0.572
610,q1_610,success,1358.729,1358.882,1358.729,1358.882,0.153
611,q6_611,success,1359.034,1359.128,1359.034,1359.128,0.094
612,q1_612,success,1359.531,1359.996,1359.531,1359.996,0.465
613,q1_613,success,1360.038,1362.088,1360.038,1362.088,2.050
614,q1_614,success,1360.573,1362.493,1360.573,1362.493,1.920
615,q6_615,success,1361.618,1361.837,1361.618,1361.837,0.219
616,q1_616,success,1361.907,1362.350,1361.907,1362.350,0.443
617,q6_617,success,1362.329,1362.567,1362.329,1362.567,0.238
618,q1_618,success,1362.780,1363.015,1362.780,1363.015,0.235
619,q1_619,success,1363.534,1365.302,1363.534,1365.302,1.768
620,q6_620,success,1364.137,1365.796,1364.137,1365.796,1.659
621,q1_621,success,1364.740,1367.363,1364.740,1367.363,2.623
622,q6_622,success,1365.226,1365.973,1365.226,1365.973,0.747
623,q18_623,success,1365.736,1371.320,1365.736,1371.320,5.584
624,q1_624,success,1367.797,1368.269,1367.797,1368.269,0.472
625,q8_625,success,1368.475,1369.831,1368.475,1369.831,1.356
626,q1_626,success,1368.968,1369.555,1368.968,1369.555,0.587
627,q1_627,success,1370.475,1370.728,1370.475,1370.728,0.253
628,q6_628,success,1371.585,1371.723,1371.585,1371.723,0.138
629,q1_629,success,1372.317,1372.588,1372.317,1372.588,0.271
630,q6_630,success,1373.138,1373.562,1373.138,1373.562,0.424
631,q1_631,success,1374.222,1375.699,1374.222,1375.699,1.477
632,q6_632,success,1375.732,1375.935,1375.732,1375.935,0.203
633,q6_633,success,1376.913,1377.050,1376.913,1377.050,0.137
634,q8_634,success,1377.805,1378.093,1377.805,1378.093,0.288
635,q6_635,success,1378.298,1379.215,1378.298,1379.215,0.917
636,q6_636,success,1379.545,1379.718,1379.545,1379.718,0.173
637,q6_637,success,1380.552,1380.667,1380.552,1380.667,0.115
638,q6_638,success,1380.853,1381.869,1380.853,1381.869,1.016
639,q6_639,success,1381.345,1382.244,1381.345,1382.244,0.899
640,q6_640,success,1381.952,1382.072,1381.952,1382.072,0.120
641,q1_641,success,1382.656,1382.864,1382.656,1382.864,0.208
642,q6_642,success,1383.167,1383.243,1383.167,1383.243,0.076
643,q1_643,success,1383.865,1384.104,1383.865,1384.104,0.239
644,q1_644,success,1384.106,1384.333,1384.106,1384.333,0.227
645,q6_645,success,1385.208,1385.328,1385.208,1385.328,0.120
646,q1_646,success,1385.614,1385.837,1385.614,1385.837,0.223
647,q1_647,success,1385.828,1385.967,1385.828,1385.967,0.139
648,q6_648,success,1386.624,1386.818,1386.624,1386.818,0.194
649,q6_649,success,1386.966,1387.052,1386.966,1387.052,0.086
650,q6_650,success,1387.462,1387.610,1387.462,1387.610,0.148
651,q1_651,success,1388.345,1388.577,1388.345,1388.577,0.232
652,q6_652,success,1388.740,1388.881,1388.740,1388.881,0.141
653,q1_653,success,1389.565,1391.757,1389.565,1391.757,2.192
654,q1_654,success,1389.813,1391.802,1389.813,1391.802,1.989
655,q6_655,success,1390.172,1391.096,1390.172,1391.096,0.924
656,q6_656,success,1390.271,1391.768,1390.271,1391.768,1.497
657,q1_657,success,1390.705,1392.752,1390.705,1392.752,2.047
658,q1_658,success,1391.293,1392.089,1391.293,1392.089,0.796
659,q6_659,success,1391.672,1391.975,1391.672,1391.975,0.303
660,q1_660,success,1392.011,1392.280,1392.011,1392.280,0.269
661,q6_661,success,1392.791,1392.876,1392.791,1392.876,0.085
662,q2_662,success,1393.325,1393.496,1393.325,1393.496,0.171
663,q1_663,success,1393.801,1394.018,1393.801,1394.018,0.217
664,q6_664,success,1394.045,1394.203,1394.045,1394.203,0.158
665,q6_665,success,1394.960,1395.120,1394.960,1395.120,0.160
666,q1_666,success,1395.346,1395.627,1395.346,1395.627,0.281
667,q6_667,success,1396.292,1396.486,1396.292,1396.486,0.194
668,q6_668,success,1396.697,1396.864,1396.697,1396.864,0.167
669,q6_669,success,1397.032,1397.142,1397.032,1397.142,0.110
670,q6_670,success,1397.515,1398.442,1397.515,1398.442,0.927
671,q2_671,success,1398.548,1400.007,1398.548,1400.007,1.459
672,q1_672,success,1399.243,1399.479,1399.243,1399.479,0.236
673,q6_673,success,1400.647,1401.056,1400.647,1401.056,0.409
674,q1_674,success,1401.589,1403.026,1401.589,1403.026,1.437
675,q6_675,success,1402.397,1402.750,1402.397,1402.750,0.353
676,q1_676,success,1403.892,1405.285,1403.892,1405.285,1.393
677,q1_677,success,1404.572,1405.188,1404.572,1405.188,0.616
678,q1_678,success,1405.518,1406.895,1405.518,1406.895,1.377
679,q1_679,success,1407.239,1408.695,1407.239,1408.695,1.456
680,q6_680,success,1407.916,1409.118,1407.916,1409.118,1.202
681,q1_681,success,1408.088,1410.038,1408.088,1410.038,1.950
682,q6_682,success,1408.805,1410.026,1408.805,1410.026,1.221
683,q6_683,success,1409.276,1409.856,1409.276,1409.856,0.580
684,q6_684,success,1409.697,1409.890,1409.697,1409.890,0.193
685,q6_685,success,1410.091,1410.316,1410.091,1410.316,0.225
686,q6_686,success,1411.140,1411.314,1411.140,1411.314,0.174
687,q6_687,success,1411.585,1411.732,1411.585,1411.732,0.147
688,q6_688,success,1412.525,1412.713,1412.525,1412.713,0.188
689,q6_689,success,1412.917,1413.049,1412.917,1413.049,0.132
690,q1_690,success,1414.191,1414.353,1414.191,1414.353,0.162
691,q1_691,success,1414.623,1414.742,1414.623,1414.742,0.119
692,q6_692,success,1414.942,1415.042,1414.942,1415.042,0.100
693,q6_693,success,1414.991,1415.114,1414.991,1415.114,0.123
694,q6_694,success,1415.451,1416.389,1415.451,1416.389,0.938
695,q1_695,success,1415.874,1417.286,1415.874,1417.286,1.412
696,q6_696,success,1416.393,1416.967,1416.393,1416.967,0.574
697,q6_697,success,1416.782,1416.898,1416.782,1416.898,0.116
698,q6_698,success,1417.521,1418.353,1417.521,1418.353,0.832
699,q6_699,success,1417.817,1418.085,1417.817,1418.085,0.268
700,q6_700,success,1418.062,1418.235,1418.062,1418.235,0.173
701,q6_701,success,1418.620,1418.697,1418.620,1418.697,0.077
702,q6_702,success,1419.321,1419.415,1419.321,1419.415,0.094
703,q6_703,success,1419.724,1420.742,1419.724,1420.742,1.018
704,q1_704,success,1420.657,1422.069,1420.657,1422.069,1.412
705,q6_705,success,1421.008,1421.095,1421.008,1421.095,0.087
706,q6_706,success,1421.560,1421.851,1421.560,1421.851,0.291
707,q6_707,success,1422.722,1422.802,1422.722,1422.802,0.080
708,q1_708,success,1423.203,1424.584,1423.203,1424.584,1.381
709,q6_709,success,1423.849,1424.308,1423.849,1424.308,0.459
710,q6_710,success,1424.135,1424.472,1424.135,1424.472,0.337
711,q6_711,success,1424.700,1424.887,1424.700,1424.887,0.187
712,q1_712,success,1425.137,1425.341,1425.137,1425.341,0.204
713,q6_713,success,1425.243,1425.367,1425.243,1425.367,0.124
714,q1_714,success,1426.210,1426.434,1426.210,1426.434,0.224
715,q1_715,success,1427.385,1428.797,1427.385,1428.797,1.412
716,q6_716,success,1428.456,1428.535,1428.456,1428.535,0.079
717,q1_717,success,1429.193,1429.328,1429.193,1429.328,0.135
718,q1_718,success,1429.698,1430.079,1429.698,1430.079,0.381
719,q6_719,success,1430.563,1430.796,1430.563,1430.796,0.233
720,q19_720,success,1431.028,1431.601,1431.028,1431.601,0.573
721,q6_721,success,1431.342,1431.702,1431.342,1431.702,0.360
722,q6_722,success,1431.775,1431.869,1431.775,1431.869,0.094
723,q6_723,success,1432.644,1432.981,1432.644,1432.981,0.337
724,q1_724,success,1433.590,1433.712,1433.590,1433.712,0.122
725,q6_725,success,1433.958,1434.853,1433.958,1434.853,0.895
726,q1_726,success,1434.227,1434.711,1434.227,1434.711,0.484
727,q6_727,success,1434.594,1434.710,1434.594,1434.710,0.116
728,q1_728,success,1435.645,1437.019,1435.645,1437.019,1.374
729,q1_729,success,1436.957,1438.523,1436.957,1438.523,1.566
730,q1_730,error,1437.391,1437.391,1437.391,1437.391,0.000
731,q6_731,success,1438.164,1438.316,1438.164,1438.316,0.152
732,q6_732,success,1438.701,1438.825,1438.701,1438.825,0.124
733,q6_733,success,1439.878,1440.086,1439.878,1440.086,0.208
734,q6_734,success,1440.840,1440.960,1440.840,1440.960,0.120
735,q6_735,success,1441.205,1442.120,1441.205,1442.120,0.915
736,q6_736,success,1442.137,1442.357,1442.137,1442.357,0.220
737,q1_737,success,1442.649,1444.053,1442.649,1444.053,1.404
738,q6_738,success,1443.017,1444.057,1443.017,1444.057,1.040
739,q1_739,success,1443.626,1445.104,1443.626,1445.104,1.478
740,q1_740,success,1444.322,1444.956,1444.322,1444.956,0.634
741,q6_741,success,1444.897,1445.857,1444.897,1445.857,0.960
742,q1_742,success,1445.132,1445.670,1445.132,1445.670,0.538
743,q6_743,success,1445.644,1445.840,1445.644,1445.840,0.196
744,q6_744,success,1445.938,1446.863,1445.938,1446.863,0.925
745,q1_745,success,1446.408,1447.807,1446.408,1447.807,1.399
746,q1_746,success,1447.317,1447.579,1447.317,1447.579,0.262
747,q1_747,success,1447.510,1447.724,1447.510,1447.724,0.214
748,q6_748,success,1447.983,1448.146,1447.983,1448.146,0.163
749,q6_749,success,1448.576,1448.658,1448.576,1448.658,0.082
750,q1_750,success,1448.757,1450.435,1448.757,1450.435,1.678
751,q6_751,success,1449.067,1450.494,1449.067,1450.494,1.427
752,q1_752,success,1449.151,1450.358,1449.151,1450.358,1.207
753,q6_753,success,1449.838,1450.839,1449.838,1450.839,1.001
754,q2_754,success,1450.255,1450.552,1450.255,1450.552,0.297
755,q1_755,success,1451.135,1451.397,1451.135,1451.397,0.262
756,q6_756,success,1451.282,1451.470,1451.282,1451.470,0.188
757,q6_757,success,1451.530,1451.681,1451.530,1451.681,0.151
758,q6_758,success,1451.704,1451.820,1451.704,1451.820,0.116
759,q1_759,success,1452.130,1453.552,1452.130,1453.552,1.422
760,q6_760,success,1452.337,1453.220,1452.337,1453.220,0.883
761,q1_761,success,1453.364,1454.897,1453.364,1454.897,1.533
762,q6_762,success,1454.043,1454.157,1454.043,1454.157,0.114
763,q6_763,success,1454.888,1455.031,1454.888,1455.031,0.143
764,q6_764,success,1455.428,1455.562,1455.428,1455.562,0.134
765,q1_765,success,1455.888,1456.071,1455.888,1456.071,0.183
766,q1_766,success,1456.483,1457.888,1456.483,1457.888,1.405
767,q21_767,success,1457.098,1458.280,1457.098,1458.280,1.182
768,q6_768,success,1457.516,1457.727,1457.516,1457.727,0.211
769,q1_769,success,1458.630,1459.990,1458.630,1459.990,1.360
770,q6_770,success,1459.854,1459.956,1459.854,1459.956,0.102
771,q6_771,success,1461.794,1461.887,1461.794,1461.887,0.093
772,q1_772,success,1465.065,1466.979,1465.065,1466.979,1.914
773,q19_773,success,1465.911,1468.023,1465.911,1468.023,2.112
774,q2_774,success,1467.962,1469.615,1467.962,1469.615,1.653
775,q1_775,success,1469.791,1470.050,1469.791,1470.050,0.259
776,q6_776,success,1471.752,1472.655,1471.752,1472.655,0.903
777,q8_777,success,1472.785,1480.384,1472.785,1480.384,7.599
778,q6_778,success,1473.175,1473.846,1473.175,1473.846,0.671
779,q12_779,success,1474.423,1477.022,1474.423,1477.022,2.599
780,q2_780,success,1474.798,1476.317,1474.798,1476.317,1.519
781,q6_781,success,1475.610,1476.043,1475.610,1476.043,0.433
782,q1_782,success,1476.033,1476.382,1476.033,1476.382,0.349
783,q1_783,success,1476.707,1476.969,1476.707,1476.969,0.262
784,q16_784,success,1477.275,1477.783,1477.275,1477.783,0.508
785,q1_785,success,1477.608,1479.523,1477.608,1479.523,1.915
786,q6_786,success,1477.945,1479.026,1477.945,1479.026,1.081
787,q6_787,success,1478.513,1479.021,1478.513,1479.021,0.508
788,q6_788,success,1478.995,1480.394,1478.995,1480.394,1.399
789,q6_789,success,1479.623,1479.785,1479.623,1479.785,0.162
790,q6_790,success,1480.215,1480.457,1480.215,1480.457,0.242
791,q6_791,success,1480.480,1482.010,1480.480,1482.010,1.530
792,q6_792,success,1480.935,1482.411,1480.935,1482.411,1.476
793,q6_793,success,1481.356,1482.064,1481.356,1482.064,0.708
794,q1_794,success,1481.863,1482.145,1481.863,1482.145,0.282
795,q6_795,success,1482.303,1483.250,1482.303,1483.250,0.947
796,q6_796,success,1483.298,1483.502,1483.298,1483.502,0.204
797,q1_797,success,1483.919,1484.163,1483.919,1484.163,0.244
798,q6_798,success,1484.134,1484.288,1484.134,1484.288,0.154
799,q6_799,success,1484.309,1485.259,1484.309,1485.259,0.950
800,q1_800,success,1484.875,1486.275,1484.875,1486.275,1.400
801,q1_801,success,1485.452,1486.475,1485.452,1486.475,1.023
802,q6_802,success,1485.863,1486.830,1485.863,1486.830,0.967
803,q6_803,success,1486.136,1486.709,1486.136,1486.709,0.573
804,q6_804,success,1486.396,1486.671,1486.396,1486.671,0.275
805,q1_805,success,1486.747,1487.041,1486.747,1487.041,0.294
806,q1_806,success,1487.228,1488.704,1487.228,1488.704,1.476
807,q1_807,success,1487.684,1489.782,1487.684,1489.782,2.098
808,q6_808,success,1488.078,1488.370,1488.078,1488.370,0.292
809,q2_809,success,1488.494,1489.129,1488.494,1489.129,0.635
810,q6_810,success,1489.073,1490.407,1489.073,1490.407,1.334
811,q6_811,success,1489.780,1491.981,1489.780,1491.981,2.201
812,q21_812,success,1490.002,1502.699,1490.002,1502.699,12.697
813,q1_813,error,1490.646,1490.646,1490.646,1490.646,0.000
814,q1_814,success,1491.067,1494.045,1491.067,1494.045,2.978
815,q1_815,success,1491.611,1494.095,1491.611,1494.095,2.484
816,q6_816,success,1492.051,1494.207,1492.051,1494.207,2.156
817,q6_817,success,1492.673,1494.421,1492.673,1494.421,1.748
818,q1_818,success,1493.116,1494.154,1493.116,1494.154,1.038
819,q6_819,success,1493.622,1494.220,1493.622,1494.220,0.598
820,q17_820,success,1493.734,1497.910,1493.734,1497.910,4.176
821,q1_821,success,1494.442,1497.316,1494.442,1497.316,2.874
822,q1_822,success,1494.582,1498.054,1494.582,1498.054,3.472
823,q6_823,success,1495.253,1497.172,1495.253,1497.172,1.919
824,q6_824,success,1496.257,1497.186,1496.257,1497.186,0.929
825,q6_825,success,1496.965,1497.625,1496.965,1497.625,0.660
826,q6_826,success,1497.989,1499.072,1497.989,1499.072,1.083
827,q6_827,success,1498.809,1498.934,1498.809,1498.934,0.125
828,q1_828,success,1499.056,1499.554,1499.056,1499.554,0.498
829,q6_829,success,1499.423,1499.626,1499.423,1499.626,0.203
830,q1_830,success,1499.790,1501.835,1499.790,1501.835,2.045
831,q6_831,success,1500.249,1501.813,1500.249,1501.813,1.564
832,q1_832,success,1500.543,1502.850,1500.543,1502.850,2.307
833,q6_833,success,1501.154,1501.927,1501.154,1501.927,0.773
834,q6_834,success,1501.695,1502.361,1501.695,1502.361,0.666
835,q2_835,success,1502.058,1503.936,1502.058,1503.936,1.878
836,q6_836,success,1502.980,1503.239,1502.980,1503.239,0.259
837,q1_837,success,1503.691,1503.907,1503.691,1503.907,0.216
838,q1_838,success,1504.536,1504.813,1504.536,1504.813,0.277
839,q6_839,success,1505.547,1505.687,1505.547,1505.687,0.140
840,q1_840,success,1507.138,1507.411,1507.138,1507.411,0.273
841,q4_841,success,1508.146,1510.196,1508.146,1510.196,2.050
842,q1_842,success,1509.739,1510.120,1509.739,1510.120,0.381
843,q6_843,success,1511.227,1511.386,1511.227,1511.386,0.159
844,q6_844,success,1512.712,1512.929,1512.712,1512.929,0.217
845,q1_845,success,1513.369,1514.753,1513.369,1514.753,1.384
846,q6_846,success,1513.944,1514.395,1513.944,1514.395,0.451
847,q6_847,success,1514.675,1514.919,1514.675,1514.919,0.244
848,q6_848,success,1515.480,1515.693,1515.480,1515.693,0.213
849,q1_849,success,1516.232,1517.656,1516.232,1517.656,1.424
850,q1_850,success,1516.658,1517.430,1516.658,1517.430,0.772
851,q6_851,success,1516.916,1517.477,1516.916,1517.477,0.561
852,q1_852,success,1517.131,1517.264,1517.131,1517.264,0.133
853,q6_853,success,1517.756,1517.965,1517.756,1517.965,0.209
854,q6_854,success,1517.980,1518.101,1517.980,1518.101,0.121
855,q6_855,success,1518.984,1519.927,1518.984,1519.927,0.943
856,q1_856,success,1519.285,1521.204,1519.285,1521.204,1.919
857,q6_857,success,1519.836,1520.020,1519.836,1520.020,0.184
858,q6_858,success,1520.030,1520.522,1520.030,1520.522,0.492
859,q6_859,success,1520.532,1522.158,1520.532,1522.158,1.626
860,q1_860,success,1521.020,1522.466,1521.020,1522.466,1.446
861,q6_861,success,1521.372,1522.719,1521.372,1522.719,1.347
862,q1_862,success,1521.796,1522.397,1521.796,1522.397,0.601
863,q6_863,success,1522.285,1522.402,1522.285,1522.402,0.117
864,q6_864,success,1522.787,1522.889,1522.787,1522.889,0.102
865,q6_865,success,1522.944,1523.150,1522.944,1523.150,0.206
866,q1_866,success,1523.893,1524.123,1523.893,1524.123,0.230
867,q6_867,success,1524.095,1524.185,1524.095,1524.185,0.090
868,q1_868,success,1524.422,1526.833,1524.422,1526.833,2.411
869,q6_869,success,1524.657,1525.906,1524.657,1525.906,1.249
870,q6_870,success,1525.031,1527.067,1525.031,1527.067,2.036
871,q1_871,success,1525.141,1528.654,1525.141,1528.654,3.513
872,q6_872,success,1525.702,1527.099,1525.702,1527.099,1.397
873,q1_873,success,1526.160,1529.006,1526.160,1529.006,2.846
874,q6_874,success,1526.517,1527.171,1526.517,1527.171,0.654
875,q1_875,success,1527.115,1529.283,1527.115,1529.283,2.168
876,q1_876,success,1527.352,1529.421,1527.352,1529.421,2.069
877,q1_877,success,1527.956,1529.847,1527.956,1529.847,1.891
878,q2_878,success,1528.448,1529.820,1528.448,1529.820,1.372
879,q6_879,success,1528.801,1529.491,1528.801,1529.491,0.690
880,q1_880,success,1530.805,1530.981,1530.805,1530.981,0.176
881,q1_881,success,1532.067,1532.343,1532.067,1532.343,0.276
882,q2_882,success,1532.678,1534.226,1532.678,1534.226,1.548
883,q6_883,success,1533.918,1534.125,1533.918,1534.125,0.207
884,q1_884,success,1535.342,1535.559,1535.342,1535.559,0.217
885,q6_885,success,1536.492,1536.636,1536.492,1536.636,0.144
886,q6_886,success,1537.223,1537.418,1537.223,1537.418,0.195
887,q6_887,success,1537.627,1537.847,1537.627,1537.847,0.220
888,q1_888,success,1537.884,1539.267,1537.884,1539.267,1.383
889,q4_889,success,1538.478,1539.591,1538.478,1539.591,1.113
890,q6_890,success,1538.758,1539.162,1538.758,1539.162,0.404
891,q1_891,success,1538.960,1539.232,1538.960,1539.232,0.272
892,q1_892,success,1539.437,1539.812,1539.437,1539.812,0.375
893,q1_893,success,1540.572,1540.835,1540.572,1540.835,0.263
894,q1_894,success,1541.052,1541.314,1541.052,1541.314,0.262
895,q1_895,success,1541.368,1541.577,1541.368,1541.577,0.209
896,q1_896,success,1542.039,1542.253,1542.039,1542.253,0.214
897,q6_897,success,1542.203,1542.334,1542.203,1542.334,0.131
898,q1_898,success,1542.423,1542.648,1542.423,1542.648,0.225
899,q1_899,success,1542.919,1544.329,1542.919,1544.329,1.410
900,q1_900,success,1543.663,1544.304,1543.663,1544.304,0.641
901,q1_901,success,1544.128,1544.459,1544.128,1544.459,0.331
902,q1_902,success,1544.672,1544.885,1544.672,1544.885,0.213
903,q1_903,success,1545.105,1547.177,1545.105,1547.177,2.072
904,q6_904,success,1545.323,1546.156,1545.323,1546.156,0.833
905,q1_905,success,1545.751,1547.468,1545.751,1547.468,1.717
906,q6_906,success,1546.286,1546.910,1546.286,1546.910,0.624
907,q1_907,success,1546.594,1547.298,1546.594,1547.298,0.704
908,q1_908,success,1547.689,1549.086,1547.689,1549.086,1.397
909,q6_909,success,1547.985,1548.851,1547.985,1548.851,0.866
910,q1_910,success,1548.425,1549.004,1548.425,1549.004,0.579
911,q2_911,success,1549.137,1551.459,1549.137,1551.459,2.322
912,q6_912,success,1549.538,1550.581,1549.538,1550.581,1.043
913,q1_913,success,1549.868,1551.231,1549.868,1551.231,1.363
914,q1_914,success,1550.151,1551.786,1550.151,1551.786,1.635
915,q1_915,success,1550.895,1553.544,1550.895,1553.544,2.649
916,q1_916,success,1551.727,1553.740,1551.727,1553.740,2.013
917,q1_917,success,1552.186,1553.569,1552.186,1553.569,1.383
918,q1_918,success,1552.392,1554.431,1552.392,1554.431,2.039
919,q1_919,success,1552.743,1553.850,1552.743,1553.850,1.107
920,q6_920,success,1553.034,1553.901,1553.034,1553.901,0.867
921,q6_921,success,1553.627,1553.909,1553.627,1553.909,0.282
922,q1_922,success,1554.237,1554.392,1554.237,1554.392,0.155
923,q1_923,success,1554.505,1555.887,1554.505,1555.887,1.382
924,q1_924,success,1555.100,1555.857,1555.100,1555.857,0.757
925,q1_925,success,1556.176,1556.320,1556.176,1556.320,0.144
926,q6_926,success,1556.567,1556.683,1556.567,1556.683,0.116
927,q6_927,success,1556.756,1556.846,1556.756,1556.846,0.090
928,q6_928,success,1557.339,1558.240,1557.339,1558.240,0.901
929,q16_929,success,1557.873,1561.937,1557.873,1561.937,4.064
930,q6_930,success,1558.352,1558.604,1558.352,1558.604,0.252
931,q6_931,success,1558.919,1559.048,1558.919,1559.048,0.129
932,q6_932,success,1559.483,1559.603,1559.483,1559.603,0.120
933,q1_933,success,1559.988,1561.564,1559.988,1561.564,1.576
934,q6_934,success,1560.342,1561.793,1560.342,1561.793,1.451
935,q22_935,success,1561.050,1562.188,1561.050,1562.188,1.138
936,q2_936,success,1561.353,1561.590,1561.353,1561.590,0.237
937,q6_937,success,1562.105,1562.253,1562.105,1562.253,0.148
938,q1_938,success,1563.435,1563.654,1563.435,1563.654,0.219
939,q1_939,success,1564.123,1565.521,1564.123,1565.521,1.398
940,q1_940,success,1564.409,1565.277,1564.409,1565.277,0.868
941,q1_941,success,1566.343,1566.591,1566.343,1566.591,0.248
942,q1_942,success,1567.741,1569.210,1567.741,1569.210,1.469
943,q1_943,success,1569.277,1570.652,1569.277,1570.652,1.375
944,q6_944,success,1570.172,1570.419,1570.172,1570.419,0.247
945,q2_945,success,1572.136,1572.298,1572.136,1572.298,0.162
946,q6_946,success,1573.763,1573.946,1573.763,1573.946,0.183
947,q1_947,success,1574.988,1576.388,1574.988,1576.388,1.400
948,q1_948,success,1576.992,1577.232,1576.992,1577.232,0.240
949,q1_949,success,1578.627,1578.872,1578.627,1578.872,0.245
950,q1_950,success,1579.451,1579.691,1579.451,1579.691,0.240
951,q1_951,success,1580.294,1580.538,1580.294,1580.538,0.244
952,q6_952,success,1580.827,1581.750,1580.827,1581.750,0.923
953,q1_953,success,1582.318,1582.550,1582.318,1582.550,0.232
954,q1_954,success,1583.138,1584.674,1583.138,1584.674,1.536
955,q1_955,success,1583.426,1585.538,1583.426,1585.538,2.112
956,q1_956,success,1584.504,1584.930,1584.504,1584.930,0.426
957,q1_957,success,1585.069,1587.674,1585.069,1587.674,2.605
958,q1_958,success,1585.385,1587.636,1585.385,1587.636,2.251
959,q1_959,success,1585.863,1587.395,1585.863,1587.395,1.532
960,q1_960,success,1586.227,1588.819,1586.227,1588.819,2.592
961,q6_961,success,1586.960,1588.216,1586.960,1588.216,1.256
962,q6_962,success,1587.476,1587.960,1587.476,1587.960,0.484
963,q1_963,success,1587.595,1589.096,1587.595,1589.096,1.501
964,q1_964,success,1587.978,1589.891,1587.978,1589.891,1.913
965,q6_965,success,1588.923,1589.268,1588.923,1589.268,0.345
966,q1_966,success,1589.820,1591.265,1589.820,1591.265,1.445
967,q1_967,success,1590.911,1592.365,1590.911,1592.365,1.454
968,q1_968,success,1591.699,1592.274,1591.699,1592.274,0.575
969,q1_969,success,1592.365,1593.787,1592.365,1593.787,1.422
970,q1_970,success,1592.629,1594.652,1592.629,1594.652,2.023
971,q6_971,success,1593.723,1594.688,1593.723,1594.688,0.965
972,q1_972,success,1594.124,1594.461,1594.124,1594.461,0.337
973,q1_973,success,1595.499,1595.743,1595.499,1595.743,0.244
974,q1_974,success,1596.505,1596.726,1596.505,1596.726,0.221
975,q6_975,success,1597.388,1597.529,1597.388,1597.529,0.141
976,q1_976,success,1599.063,1599.289,1599.063,1599.289,0.226
977,q6_977,success,1600.597,1600.797,1600.597,1600.797,0.200
978,q1_978,success,1600.897,1602.417,1600.897,1602.417,1.520
979,q6_979,success,1601.912,1602.168,1601.912,1602.168,0.256
980,q6_980,success,1602.743,1602.897,1602.743,1602.897,0.154
981,q6_981,success,1604.404,1604.572,1604.404,1604.572,0.168
982,q1_982,success,1606.284,1606.505,1606.284,1606.505,0.221
983,q6_983,success,1623.782,1623.989,1623.782,1623.989,0.207
984,q1_984,success,1629.739,1629.880,1629.739,1629.880,0.141
985,q1_985,success,1653.606,1655.015,1653.606,1655.015,1.409
986,q6_986,success,1704.465,1704.589,1704.465,1704.589,0.124
987,q1_987,success,1720.604,1722.008,1720.604,1722.008,1.404
988,q6_988,success,1740.174,1740.299,1740.174,1740.299,0.125
989,q12_989,success,1777.351,1779.084,1777.351,1779.084,1.733
990,q1_990,success,1855.268,1855.563,1855.268,1855.563,0.295
991,q1_991,success,1863.890,1865.281,1863.890,1865.281,1.391
992,q1_992,success,1902.138,1902.502,1902.138,1902.502,0.364
993,q1_993,success,1929.755,1929.916,1929.755,1929.916,0.161
994,q12_994,success,1957.351,1959.001,1957.351,1959.001,1.650
995,q1_995,success,2019.834,2019.980,2019.834,2019.980,0.146
996,q1_996,success,2041.057,2041.257,2041.057,2041.257,0.200
997,q6_997,success,2071.787,2072.082,2071.787,2072.082,0.295
998,q12_998,success,2077.351,2079.101,2077.351,2079.101,1.750
999,q1_999,success,2137.209,2137.400,2137.209,2137.400,0.191
1000,q12_1000,success,2197.351,2199.085,2197.351,2199.085,1.734
1001,q1_1001,success,2257.980,2258.118,2257.980,2258.118,0.138
1002,q6_1002,success,2366.958,2367.899,2366.958,2367.899,0.941
