seq,query_id,status,start_s,end_s,rel_start_s,rel_end_s,latency_s
0,3439295,completed,1783537358.250,1783537361.993,0.000,3.743,3.743
1,3798141,completed,1783537389.080,1783537390.456,30.830,32.206,1.376
2,990000100,completed,1783537395.600,1783537399.155,37.350,40.905,3.555
3,990000200,completed,1783537455.601,1783537459.372,97.350,101.121,3.771
4,990000300,completed,1783537515.600,1783537519.187,157.350,160.937,3.587
5,3482627,completed,1783537594.910,1783537597.442,236.660,239.192,2.532
6,990000500,completed,1783537635.601,1783537639.224,277.351,280.974,3.623
7,990000600,completed,1783537695.600,1783537699.452,337.350,341.202,3.852
8,4022951,completed,1783537787.224,1783537788.784,428.974,430.534,1.560
9,990000800,completed,1783537815.600,1783537819.287,457.350,461.037,3.687
10,990000900,completed,1783537875.600,1783537879.467,517.350,521.217,3.867
11,990001000,completed,1783537935.600,1783537939.224,577.350,580.974,3.624
12,990001100,completed,1783537995.601,1783537999.261,637.350,641.010,3.660
13,2989261,completed,1783538113.766,1783538115.040,755.516,756.790,1.274
14,2793569,completed,1783538118.711,1783538120.177,760.461,761.927,1.466
15,4236847,completed,1783538120.537,1783538121.956,762.287,763.706,1.419
16,2924859,completed,1783538126.161,1783538127.651,767.911,769.401,1.490
17,3754217,completed,1783538127.619,1783538128.800,769.369,770.550,1.181
18,2790180,completed,1783538129.355,1783538130.539,771.105,772.289,1.184
19,2825157,completed,1783538129.709,1783538130.786,771.459,772.536,1.077
20,2923392,completed,1783538130.684,1783538133.241,772.434,774.991,2.557
21,3525612,completed,1783538131.147,1783538132.603,772.897,774.353,1.456
22,3797153,completed,1783538132.283,1783538133.688,774.033,775.438,1.405
23,3272805,completed,1783538133.479,1783538137.314,775.229,779.064,3.835
24,3332697,completed,1783538133.814,1783538144.307,775.564,786.057,10.493
25,3129455,completed,1783538134.611,1783538136.852,776.361,778.602,2.241
26,4133542,completed,1783538135.352,1783538137.616,777.102,779.366,2.264
27,4500831,completed,1783538136.236,1783538138.306,777.986,780.056,2.070
28,3636159,completed,1783538137.034,1783538138.991,778.783,780.740,1.957
29,2896254,completed,1783538137.933,1783538139.529,779.682,781.278,1.596
30,3775628,completed,1783538139.331,1783538141.972,781.080,783.721,2.641
31,4260783,completed,1783538139.992,1783538143.411,781.742,785.161,3.419
32,3658722,completed,1783538141.350,1783538143.799,783.100,785.549,2.449
33,3546195,completed,1783538142.884,1783538144.026,784.634,785.776,1.142
34,3829550,completed,1783538144.550,1783538146.553,786.300,788.303,2.003
35,3672116,completed,1783538146.426,1783538147.877,788.176,789.627,1.451
36,3338841,completed,1783538147.546,1783538148.933,789.296,790.683,1.387
37,2934934,completed,1783538148.925,1783538150.069,790.675,791.819,1.144
38,3658723,completed,1783538150.516,1783538153.262,792.266,795.012,2.746
39,3003768,completed,1783538154.646,1783538157.180,796.396,798.930,2.534
40,4102620,completed,1783538160.099,1783538162.042,801.849,803.792,1.943
41,4442834,completed,1783538161.593,1783538163.052,803.343,804.802,1.459
42,2748679,completed,1783538163.154,1783538164.324,804.904,806.074,1.170
43,3933854,completed,1783538164.964,1783538175.215,806.713,816.964,10.251
44,3843227,completed,1783538166.700,1783538167.563,808.450,809.313,0.863
45,3042984,completed,1783538168.742,1783538170.150,810.492,811.900,1.408
46,4056357,completed,1783538170.959,1783538173.472,812.709,815.222,2.513
47,2923393,completed,1783538172.957,1783538174.479,814.707,816.229,1.522
48,3559722,completed,1783538174.047,1783538176.298,815.797,818.048,2.251
49,3323319,completed,1783538175.310,1783538178.201,817.059,819.950,2.891
50,2752374,completed,1783538176.643,1783538179.230,818.393,820.980,2.587
51,2937464,completed,1783538178.464,1783538179.691,820.214,821.441,1.227
52,4364849,completed,1783538179.655,1783538181.136,821.405,822.886,1.481
53,2828783,completed,1783538180.919,1783538182.490,822.669,824.240,1.571
54,3973086,completed,1783538181.483,1783538182.592,823.233,824.342,1.109
55,4195344,completed,1783538184.213,1783538186.849,825.962,828.598,2.636
56,2860050,completed,1783538185.259,1783538186.536,827.009,828.286,1.277
57,4500832,completed,1783538186.200,1783538190.205,827.950,831.955,4.005
58,4382141,completed,1783538186.814,1783538190.318,828.563,832.067,3.504
59,2724903,completed,1783538187.115,1783538190.317,828.865,832.067,3.202
60,3490825,completed,1783538187.352,1783538191.353,829.101,833.102,4.001
61,3818502,completed,1783538187.697,1783538191.770,829.447,833.520,4.073
62,4488999,completed,1783538189.209,1783538191.296,830.959,833.046,2.087
63,3995867,completed,1783538189.340,1783538191.219,831.090,832.969,1.879
64,3651833,completed,1783538190.011,1783538192.095,831.761,833.845,2.084
65,3153180,completed,1783538190.562,1783538192.071,832.312,833.821,1.509
66,4493222,completed,1783538190.736,1783538192.244,832.486,833.994,1.508
67,3733625,completed,1783538191.261,1783538192.603,833.011,834.353,1.342
68,3796592,completed,1783538191.608,1783538193.041,833.358,834.791,1.433
69,4051619,completed,1783538192.160,1783538193.620,833.910,835.370,1.460
70,2721630,completed,1783538192.789,1783538194.186,834.538,835.935,1.397
71,2899168,completed,1783538193.291,1783538194.900,835.040,836.649,1.609
72,3559774,completed,1783538194.011,1783538196.432,835.761,838.182,2.421
73,2751364,completed,1783538194.355,1783538200.097,836.105,841.847,5.742
74,4316097,completed,1783538194.651,1783538196.434,836.401,838.184,1.783
75,3236630,completed,1783538195.196,1783538199.993,836.946,841.743,4.797
76,3639309,completed,1783538195.422,1783538198.027,837.172,839.777,2.605
77,3025166,completed,1783538195.943,1783538200.187,837.693,841.937,4.244
78,3191757,completed,1783538196.556,1783538200.195,838.306,841.945,3.639
79,3228769,completed,1783538196.921,1783538198.902,838.671,840.652,1.981
80,3267492,completed,1783538197.232,1783538199.399,838.982,841.149,2.167
81,3666109,completed,1783538197.456,1783538199.401,839.205,841.150,1.945
82,3962929,completed,1783538197.685,1783538199.471,839.435,841.221,1.786
83,3549371,completed,1783538198.083,1783538199.808,839.833,841.558,1.725
84,4159565,completed,1783538198.748,1783538200.260,840.498,842.010,1.512
85,2974092,completed,1783538199.168,1783538201.038,840.918,842.788,1.870
86,3563133,completed,1783538199.800,1783538201.802,841.550,843.552,2.002
87,3004278,completed,1783538200.034,1783538213.836,841.784,855.586,13.802
88,3339020,completed,1783538200.395,1783538202.316,842.145,844.066,1.921
89,3459431,completed,1783538200.728,1783538202.327,842.478,844.077,1.599
90,3331105,completed,1783538201.351,1783538202.796,843.101,844.546,1.445
91,3729978,completed,1783538201.765,1783538203.796,843.515,845.546,2.031
92,3082034,completed,1783538202.182,1783538204.144,843.931,845.893,1.962
93,3184093,completed,1783538202.372,1783538205.837,844.122,847.587,3.465
94,3563163,completed,1783538202.652,1783538204.656,844.402,846.406,2.004
95,4042189,completed,1783538202.826,1783538207.254,844.576,849.004,4.428
96,3071532,completed,1783538203.314,1783538207.496,845.064,849.246,4.182
97,3430448,completed,1783538203.499,1783538205.701,845.249,847.451,2.202
98,2956566,completed,1783538203.963,1783538207.205,845.713,848.955,3.242
99,2833582,completed,1783538204.604,1783538206.328,846.354,848.078,1.724
100,3973398,completed,1783538204.899,1783538207.866,846.649,849.616,2.967
101,4481926,completed,1783538205.706,1783538207.391,847.455,849.140,1.685
102,3887267,completed,1783538206.438,1783538208.077,848.187,849.826,1.639
103,3110910,completed,1783538206.715,1783538208.930,848.465,850.680,2.215
104,2872664,completed,1783538207.577,1783538208.962,849.326,850.711,1.385
105,3280081,completed,1783538208.322,1783538209.850,850.072,851.600,1.528
106,3878770,completed,1783538208.898,1783538211.430,850.648,853.180,2.532
107,4428482,completed,1783538209.755,1783538210.989,851.505,852.739,1.234
108,3593341,completed,1783538210.945,1783538212.337,852.695,854.087,1.392
109,3388603,completed,1783538211.555,1783538212.620,853.305,854.370,1.065
110,3071478,completed,1783538211.676,1783538213.013,853.426,854.763,1.337
111,2509610,completed,1783538212.616,1783538214.032,854.366,855.782,1.416
112,3126159,completed,1783538213.094,1783538214.969,854.843,856.718,1.875
113,4242517,completed,1783538213.565,1783538215.148,855.315,856.898,1.583
114,3704922,completed,1783538213.891,1783538217.460,855.641,859.210,3.569
115,2777584,completed,1783538214.228,1783538217.920,855.978,859.670,3.692
116,3699979,completed,1783538215.251,1783538217.459,857.001,859.209,2.208
117,4141361,completed,1783538215.773,1783538217.808,857.523,859.558,2.035
118,3465048,completed,1783538215.887,1783538217.768,857.637,859.518,1.881
119,3000096,completed,1783538216.833,1783538218.608,858.583,860.358,1.775
120,2984480,completed,1783538217.267,1783538219.747,859.017,861.497,2.480
121,3034251,completed,1783538217.644,1783538219.495,859.394,861.245,1.851
122,3556235,completed,1783538217.947,1783538219.737,859.697,861.487,1.790
123,3779676,completed,1783538218.381,1783538220.782,860.131,862.532,2.401
124,3663312,completed,1783538218.797,1783538220.643,860.547,862.393,1.846
125,2289591,completed,1783538219.236,1783538221.023,860.986,862.773,1.787
126,4331031,completed,1783538219.941,1783538221.274,861.691,863.024,1.333
127,3363409,completed,1783538220.533,1783538224.383,862.283,866.133,3.850
128,3599128,completed,1783538220.781,1783538221.959,862.531,863.709,1.178
129,3087490,completed,1783538221.123,1783538224.149,862.873,865.899,3.026
130,4448417,completed,1783538221.819,1783538270.736,863.568,912.485,48.917
131,3575691,completed,1783538222.151,1783538224.790,863.901,866.540,2.639
132,3743904,completed,1783538222.896,1783538225.691,864.645,867.440,2.795
133,3490826,completed,1783538223.625,1783538227.650,865.375,869.400,4.025
134,3913416,completed,1783538224.226,1783538228.649,865.976,870.399,4.423
135,4339034,completed,1783538225.599,1783538227.630,867.349,869.380,2.031
136,4350380,completed,1783538226.863,1783538230.245,868.613,871.995,3.382
137,2919823,completed,1783538228.932,1783538230.210,870.682,871.960,1.278
138,2863283,completed,1783538230.376,1783538231.691,872.126,873.441,1.315
139,2396931,completed,1783538231.909,1783538241.763,873.659,883.513,9.854
140,4071093,completed,1783538232.345,1783538238.500,874.095,880.250,6.155
141,3409820,completed,1783538232.641,1783538240.447,874.391,882.197,7.806
142,4011339,completed,1783538232.972,1783538242.778,874.722,884.528,9.806
143,3307107,completed,1783538233.654,1783538244.119,875.404,885.869,10.465
144,4405809,completed,1783538234.170,1783538246.838,875.919,888.587,12.668
145,4495546,completed,1783538234.628,1783538248.038,876.378,889.788,13.410
146,2461292,completed,1783538235.479,1783538243.486,877.229,885.236,8.007
147,3234231,completed,1783538235.958,1783538240.444,877.708,882.194,4.486
148,3861980,completed,1783538236.213,1783538241.763,877.963,883.513,5.550
149,4236110,completed,1783538236.765,1783538242.048,878.514,883.797,5.283
150,2810091,completed,1783538237.311,1783538269.907,879.060,911.656,32.596
151,3409844,completed,1783538238.151,1783538252.980,879.901,894.730,14.829
152,3859474,completed,1783538238.483,1783538261.262,880.233,903.012,22.779
153,3637244,completed,1783538238.804,1783538242.357,880.554,884.107,3.553
154,2278700,completed,1783538239.056,1783538245.617,880.806,887.367,6.561
155,2389807,completed,1783538239.264,1783538266.558,881.014,908.308,27.294
156,2358102,completed,1783538239.463,1783538262.869,881.213,904.619,23.406
157,3712582,completed,1783538239.741,1783538269.594,881.491,911.344,29.853
158,4244794,completed,1783538239.997,1783538255.651,881.747,897.401,15.654
159,4441954,completed,1783538240.228,1783538246.527,881.977,888.276,6.299
160,2448809,completed,1783538240.833,1783538254.690,882.582,896.439,13.857
161,3178261,completed,1783538241.221,1783538264.672,882.971,906.422,23.451
162,3442247,completed,1783538241.887,1783538267.552,883.637,909.302,25.665
163,4017950,completed,1783538242.183,1783538282.607,883.933,924.357,40.424
164,4485630,completed,1783538242.978,1783538269.643,884.728,911.393,26.665
165,3514723,completed,1783538243.468,1783538274.640,885.218,916.390,31.172
166,2823169,completed,1783538243.772,1783538249.776,885.521,891.525,6.004
167,3832717,completed,1783538244.125,1783538265.044,885.874,906.793,20.919
168,3131338,completed,1783538244.553,1783538246.205,886.303,887.955,1.652
169,2748680,completed,1783538245.841,1783538252.630,887.591,894.380,6.789
170,3040799,completed,1783538246.290,1783538262.641,888.040,904.391,16.351
171,2867009,completed,1783538246.987,1783538261.914,888.736,903.663,14.927
172,4290729,completed,1783538247.283,1783538269.137,889.033,910.887,21.854
173,2828354,completed,1783538247.598,1783538254.931,889.348,896.681,7.333
174,4183459,completed,1783538248.589,1783538275.751,890.339,917.501,27.162
175,3166517,completed,1783538248.952,1783538264.951,890.702,906.701,15.999
176,4220128,completed,1783538249.113,1783538256.589,890.863,898.339,7.476
177,4078393,completed,1783538249.581,1783538274.819,891.331,916.569,25.238
178,3135190,completed,1783538250.475,1783538264.562,892.224,906.311,14.087
179,3226025,completed,1783538250.922,1783538275.626,892.672,917.376,24.704
180,3803105,completed,1783538251.201,1783538267.273,892.951,909.023,16.072
181,2698661,completed,1783538251.406,1783538272.746,893.156,914.496,21.340
182,3171725,completed,1783538251.709,1783538258.852,893.459,900.602,7.143
183,2902128,completed,1783538252.453,1783538269.927,894.203,911.677,17.474
184,3484321,completed,1783538253.498,1783538275.071,895.247,916.820,21.573
185,3010084,completed,1783538254.600,1783538260.614,896.350,902.364,6.014
186,2927794,completed,1783538255.594,1783538264.575,897.343,906.324,8.981
187,3127207,completed,1783538255.994,1783538277.433,897.744,919.183,21.439
188,3475779,completed,1783538257.336,1783538258.896,899.085,900.645,1.560
189,3590386,completed,1783538257.968,1783538259.546,899.718,901.296,1.578
190,4440221,completed,1783538258.520,1783538260.452,900.270,902.202,1.932
191,3652413,completed,1783538259.740,1783538275.334,901.490,917.084,15.594
192,3885101,completed,1783538260.321,1783538270.214,902.071,911.964,9.893
193,4394894,completed,1783538261.337,1783538263.514,903.087,905.264,2.177
194,2842284,completed,1783538262.832,1783538264.185,904.582,905.935,1.353
195,3730988,completed,1783538264.512,1783538269.663,906.262,911.413,5.151
196,3063194,completed,1783538265.631,1783538267.841,907.381,909.591,2.210
197,3152477,completed,1783538266.897,1783538270.152,908.646,911.901,3.255
198,3611968,completed,1783538268.348,1783538274.919,910.098,916.669,6.571
199,2793595,completed,1783538268.520,1783538270.174,910.270,911.924,1.654
200,4158341,completed,1783538268.874,1783538270.715,910.624,912.465,1.841
201,3272806,completed,1783538269.827,1783538274.842,911.577,916.592,5.015
202,3468935,completed,1783538270.437,1783538271.936,912.186,913.685,1.499
203,3953295,completed,1783538270.801,1783538272.309,912.551,914.059,1.508
204,4486128,completed,1783538271.447,1783538272.985,913.197,914.735,1.538
205,3201689,completed,1783538272.472,1783538275.241,914.222,916.991,2.769
206,4347082,completed,1783538273.389,1783538276.276,915.139,918.026,2.887
207,2780257,completed,1783538273.840,1783538277.211,915.590,918.961,3.371
208,3181050,completed,1783538274.424,1783538276.008,916.174,917.758,1.584
209,4242518,completed,1783538275.490,1783538277.018,917.240,918.768,1.528
210,4442835,completed,1783538277.021,1783538280.044,918.771,921.794,3.023
211,2785898,completed,1783538277.715,1783538279.746,919.464,921.495,2.031
212,2949118,completed,1783538278.392,1783538281.199,920.142,922.949,2.807
213,4099956,completed,1783538278.710,1783538282.341,920.460,924.091,3.631
214,4062238,completed,1783538279.799,1783538281.510,921.549,923.260,1.711
215,2998089,completed,1783538280.407,1783538282.071,922.157,923.821,1.664
216,3903428,completed,1783538280.795,1783538282.272,922.545,924.022,1.477
217,3773193,completed,1783538281.110,1783538282.623,922.860,924.373,1.513
218,2804638,completed,1783538281.619,1783538283.042,923.368,924.791,1.423
219,3200261,completed,1783538281.913,1783538283.018,923.663,924.768,1.105
220,2904262,completed,1783538282.654,1783538288.894,924.404,930.644,6.240
221,2843816,completed,1783538283.153,1783538290.064,924.903,931.814,6.911
222,3910319,completed,1783538283.573,1783538290.624,925.323,932.374,7.051
223,3232273,completed,1783538284.053,1783538287.424,925.803,929.174,3.371
224,4101901,completed,1783538284.455,1783538290.933,926.204,932.682,6.478
225,2803829,completed,1783538284.889,1783538291.042,926.639,932.792,6.153
226,3272837,completed,1783538285.348,1783538290.996,927.097,932.745,5.648
227,3616888,completed,1783538286.039,1783538290.929,927.789,932.679,4.890
228,2967868,completed,1783538286.599,1783538291.871,928.349,933.621,5.272
229,2904743,completed,1783538286.864,1783538291.560,928.614,933.310,4.696
230,3051648,completed,1783538287.120,1783538289.866,928.869,931.615,2.746
231,3927662,completed,1783538287.885,1783538290.924,929.635,932.674,3.039
232,3210515,completed,1783538288.205,1783538290.136,929.955,931.886,1.931
233,3199000,completed,1783538288.877,1783538291.100,930.627,932.850,2.223
234,3446996,completed,1783538289.143,1783538292.459,930.893,934.209,3.316
235,4296462,completed,1783538290.181,1783538291.971,931.931,933.721,1.790
236,4344792,completed,1783538291.709,1783538293.023,933.459,934.773,1.314
237,3652466,completed,1783538293.048,1783538295.447,934.798,937.197,2.399
238,4076783,completed,1783538294.367,1783538296.042,936.117,937.792,1.675
239,4132621,completed,1783538295.727,1783538296.876,937.477,938.626,1.149
240,3058960,completed,1783538296.633,1783538297.736,938.383,939.486,1.103
241,3015752,completed,1783538297.523,1783538298.697,939.273,940.447,1.174
242,3901483,completed,1783538298.853,1783538300.316,940.603,942.066,1.463
243,3019871,completed,1783538299.993,1783538300.974,941.743,942.724,0.981
244,2823944,completed,1783538300.684,1783538303.204,942.434,944.954,2.520
245,3867432,completed,1783538302.328,1783538303.435,944.078,945.185,1.107
246,4248363,completed,1783538303.148,1783538308.392,944.898,950.142,5.244
247,2937483,completed,1783538303.745,1783538308.792,945.495,950.542,5.047
248,3927406,completed,1783538304.542,1783538309.512,946.291,951.261,4.970
249,3369120,completed,1783538304.627,1783538306.378,946.377,948.128,1.751
250,3979424,completed,1783538305.060,1783538309.501,946.810,951.251,4.441
251,3826527,completed,1783538305.511,1783538307.360,947.261,949.110,1.849
252,3339208,completed,1783538305.757,1783538307.566,947.507,949.316,1.809
253,3578474,completed,1783538306.734,1783538309.558,948.484,951.308,2.824
254,3050092,completed,1783538307.481,1783538309.205,949.230,950.954,1.724
255,4493293,completed,1783538308.993,1783538310.454,950.743,952.204,1.461
256,3347049,completed,1783538310.274,1783538311.710,952.024,953.460,1.436
257,3517050,completed,1783538311.886,1783538313.997,953.636,955.747,2.111
258,3337296,completed,1783538312.571,1783538314.062,954.321,955.812,1.491
259,2860414,completed,1783538313.295,1783538314.711,955.045,956.461,1.416
260,3895639,completed,1783538314.518,1783538316.986,956.268,958.736,2.468
261,3565271,completed,1783538315.699,1783538317.273,957.449,959.023,1.574
262,2878729,completed,1783538317.616,1783538318.777,959.366,960.527,1.161
263,2958747,completed,1783538319.036,1783538322.181,960.786,963.931,3.145
264,2756481,completed,1783538319.613,1783538322.280,961.363,964.030,2.667
265,3197726,completed,1783538320.486,1783538323.363,962.236,965.113,2.877
266,3248331,completed,1783538321.687,1783538324.029,963.436,965.778,2.342
267,3787816,completed,1783538322.659,1783538325.226,964.408,966.975,2.567
268,4143760,completed,1783538324.032,1783538326.911,965.782,968.661,2.879
269,3281037,completed,1783538324.789,1783538328.549,966.539,970.299,3.760
270,3080711,completed,1783538325.377,1783538328.297,967.127,970.047,2.920
271,4274919,completed,1783538327.201,1783538329.449,968.951,971.199,2.248
272,3932058,completed,1783538329.442,1783538331.697,971.191,973.446,2.255
273,3876034,completed,1783538331.489,1783538332.646,973.239,974.396,1.157
274,4316869,completed,1783538332.653,1783538333.771,974.403,975.521,1.118
275,3790948,completed,1783538334.030,1783538335.111,975.780,976.861,1.081
276,2942974,completed,1783538336.548,1783538337.970,978.297,979.719,1.422
277,2809832,completed,1783538338.270,1783538339.738,980.020,981.488,1.468
278,3680384,completed,1783538339.125,1783538340.287,980.874,982.036,1.162
279,2991811,completed,1783538340.856,1783538344.392,982.606,986.142,3.536
280,3209696,completed,1783538341.827,1783538345.097,983.577,986.847,3.270
281,3313131,completed,1783538344.607,1783538346.958,986.356,988.707,2.351
282,3051649,completed,1783538345.382,1783538346.239,987.132,987.989,0.857
283,3847291,completed,1783538347.660,1783538350.064,989.410,991.814,2.404
284,3004347,completed,1783538350.018,1783538354.327,991.767,996.076,4.309
285,3020726,completed,1783538350.992,1783538352.505,992.742,994.255,1.513
286,4078061,completed,1783538353.454,1783538354.157,995.204,995.907,0.703
287,3047299,completed,1783538355.380,1783538356.817,997.130,998.567,1.437
288,2793640,completed,1783538356.377,1783538359.040,998.127,1000.790,2.663
289,4184374,completed,1783538357.751,1783538358.989,999.501,1000.739,1.238
290,3885102,completed,1783538359.551,1783538360.941,1001.301,1002.691,1.390
291,4003802,completed,1783538361.408,1783538363.683,1003.157,1005.432,2.275
292,3639369,completed,1783538361.946,1783538365.121,1003.696,1006.871,3.175
293,2920383,completed,1783538363.277,1783538364.997,1005.027,1006.747,1.720
294,3004348,completed,1783538363.859,1783538365.623,1005.609,1007.373,1.764
295,2993920,completed,1783538364.597,1783538366.884,1006.347,1008.634,2.287
296,3055848,completed,1783538365.450,1783538366.826,1007.200,1008.576,1.376
297,3201874,completed,1783538366.045,1783538367.427,1007.795,1009.177,1.382
298,4464183,completed,1783538366.301,1783538367.923,1008.051,1009.673,1.622
299,3446997,completed,1783538367.087,1783538372.966,1008.837,1014.716,5.879
300,4361994,completed,1783538368.290,1783538372.986,1010.040,1014.736,4.696
301,3439326,completed,1783538368.847,1783538373.551,1010.597,1015.301,4.704
302,2926376,completed,1783538369.774,1783538373.349,1011.524,1015.099,3.575
303,3801012,completed,1783538371.265,1783538374.843,1013.015,1016.593,3.578
304,4190770,completed,1783538371.663,1783538374.622,1013.413,1016.372,2.959
305,4213884,completed,1783538373.508,1783538375.724,1015.258,1017.474,2.216
306,2726434,failed,1783538373.784,1783538373.787,1015.534,1015.537,0.003
307,3995948,completed,1783538374.290,1783538375.528,1016.040,1017.278,1.238
308,2762681,completed,1783538375.518,1783538381.252,1017.268,1023.002,5.734
309,3000120,completed,1783538376.180,1783538382.025,1017.930,1023.775,5.845
310,3280285,completed,1783538376.469,1783538381.720,1018.218,1023.469,5.251
311,4344793,completed,1783538377.057,1783538382.450,1018.807,1024.200,5.393
312,3360484,completed,1783538377.320,1783538382.835,1019.070,1024.585,5.515
313,4454502,completed,1783538377.706,1783538383.493,1019.456,1025.243,5.787
314,3338842,completed,1783538378.733,1783538381.624,1020.483,1023.374,2.891
315,2900024,completed,1783538379.522,1783538381.722,1021.272,1023.472,2.200
316,3493310,completed,1783538381.219,1783538382.022,1022.969,1023.772,0.803
317,4287631,completed,1783538382.138,1783538383.225,1023.888,1024.975,1.087
318,3223945,completed,1783538383.441,1783538384.812,1025.191,1026.562,1.371
319,4226809,completed,1783538384.176,1783538385.272,1025.926,1027.022,1.096
320,2925823,completed,1783538385.551,1783538386.994,1027.300,1028.743,1.443
321,3995973,completed,1783538387.832,1783538391.465,1029.582,1033.215,3.633
322,2841352,completed,1783538389.947,1783538392.070,1031.697,1033.820,2.123
323,3296055,completed,1783538392.456,1783538395.465,1034.206,1037.215,3.009
324,2855248,completed,1783538393.518,1783538396.341,1035.268,1038.091,2.823
325,4110087,completed,1783538394.463,1783538396.700,1036.213,1038.450,2.237
326,2790227,completed,1783538395.660,1783538397.711,1037.410,1039.461,2.051
327,3032255,completed,1783538397.805,1783538399.999,1039.555,1041.749,2.194
328,4202768,completed,1783538398.922,1783538400.130,1040.672,1041.880,1.208
329,3802605,completed,1783538401.298,1783538404.341,1043.048,1046.091,3.043
330,2873291,completed,1783538402.332,1783538405.248,1044.082,1046.998,2.916
331,2974216,completed,1783538404.081,1783538405.355,1045.831,1047.105,1.274
332,3134186,completed,1783538406.057,1783538407.250,1047.807,1049.000,1.193
333,4329401,completed,1783538406.599,1783538407.977,1048.349,1049.727,1.378
334,3962992,completed,1783538407.572,1783538408.735,1049.321,1050.484,1.163
335,4502582,completed,1783538409.476,1783538410.699,1051.226,1052.449,1.223
336,3461248,completed,1783538410.667,1783538412.219,1052.417,1053.969,1.552
337,2873340,completed,1783538411.957,1783538413.995,1053.707,1055.745,2.038
338,3758797,completed,1783538413.788,1783538415.912,1055.538,1057.662,2.124
339,3534494,completed,1783538416.425,1783538417.704,1058.175,1059.454,1.279
340,4109424,completed,1783538417.361,1783538418.516,1059.110,1060.265,1.155
341,3555457,completed,1783538418.517,1783538419.654,1060.267,1061.404,1.137
342,4353754,completed,1783538419.072,1783538420.144,1060.822,1061.894,1.072
343,4198189,completed,1783538419.822,1783538420.924,1061.572,1062.674,1.102
344,3637299,completed,1783538420.951,1783538422.994,1062.700,1064.743,2.043
345,3392855,completed,1783538421.729,1783538422.881,1063.478,1064.630,1.152
346,3904488,completed,1783538422.270,1783538423.428,1064.020,1065.178,1.158
347,3700009,completed,1783538422.871,1783538423.962,1064.621,1065.712,1.091
348,3158459,completed,1783538423.488,1783538424.623,1065.238,1066.373,1.135
349,2931787,completed,1783538424.686,1783538425.753,1066.436,1067.503,1.067
350,3824159,completed,1783538425.617,1783538426.700,1067.367,1068.450,1.083
351,2964952,completed,1783538426.601,1783538427.697,1068.351,1069.447,1.096
352,3524145,completed,1783538433.376,1783538434.962,1075.125,1076.711,1.586
353,3003916,completed,1783538437.978,1783538438.504,1079.728,1080.254,0.526
354,2769885,completed,1783538447.261,1783538449.749,1089.011,1091.499,2.488
355,4294277,completed,1783538451.740,1783538452.898,1093.490,1094.648,1.158
356,2699185,completed,1783538455.658,1783538459.765,1097.408,1101.515,4.107
357,2864733,completed,1783538456.964,1783538458.063,1098.714,1099.813,1.099
358,4196768,completed,1783538458.491,1783538460.970,1100.241,1102.720,2.479
359,2967896,completed,1783538463.465,1783538464.673,1105.215,1106.423,1.208
360,2920665,completed,1783538468.525,1783538470.417,1110.275,1112.167,1.892
361,4374789,completed,1783538475.654,1783538496.182,1117.404,1137.932,20.528
362,2964953,completed,1783538476.254,1783538478.216,1118.004,1119.966,1.962
363,3876036,completed,1783538477.501,1783538481.565,1119.251,1123.315,4.064
364,3178262,completed,1783538480.175,1783538483.061,1121.925,1124.811,2.886
365,3579018,completed,1783538480.935,1783538482.897,1122.685,1124.647,1.962
366,4237932,completed,1783538482.117,1783538483.471,1123.867,1125.221,1.354
367,2838538,completed,1783538482.884,1783538484.128,1124.634,1125.878,1.244
368,2882825,completed,1783538483.545,1783538486.850,1125.295,1128.600,3.305
369,3673983,completed,1783538484.041,1783538486.140,1125.791,1127.890,2.099
370,3524146,completed,1783538485.079,1783538487.615,1126.829,1129.365,2.536
371,3060153,completed,1783538486.299,1783538489.038,1128.049,1130.788,2.739
372,4115720,completed,1783538487.994,1783538489.334,1129.744,1131.084,1.340
373,3733692,completed,1783538488.522,1783538489.658,1130.272,1131.408,1.136
374,4406274,completed,1783538489.117,1783538490.687,1130.867,1132.437,1.570
375,4394373,completed,1783538490.153,1783538492.336,1131.903,1134.086,2.183
376,3712699,completed,1783538491.535,1783538493.761,1133.285,1135.511,2.226
377,3997207,completed,1783538492.376,1783538494.590,1134.126,1136.340,2.214
378,4233649,completed,1783538493.300,1783538494.760,1135.049,1136.509,1.460
379,3757552,completed,1783538494.510,1783538495.764,1136.260,1137.514,1.254
380,3204427,completed,1783538495.204,1783538497.210,1136.953,1138.959,2.006
381,4123523,completed,1783538496.272,1783538497.623,1138.022,1139.373,1.351
382,4226838,completed,1783538496.597,1783538497.732,1138.347,1139.482,1.135
383,4431494,completed,1783538497.314,1783538498.426,1139.064,1140.176,1.112
384,2817619,completed,1783538498.948,1783538501.368,1140.698,1143.118,2.420
385,4447662,completed,1783538499.682,1783538501.039,1141.432,1142.789,1.357
386,4126404,completed,1783538500.126,1783538501.236,1141.876,1142.986,1.110
387,3968351,completed,1783538501.099,1783538502.554,1142.849,1144.304,1.455
388,2701614,completed,1783538501.896,1783538503.269,1143.646,1145.019,1.373
389,4395993,completed,1783538502.415,1783538504.423,1144.164,1146.172,2.008
390,3733725,completed,1783538504.313,1783538505.646,1146.063,1147.396,1.333
391,3010113,completed,1783538505.445,1783538506.530,1147.195,1148.280,1.085
392,3936312,completed,1783538506.286,1783538508.684,1148.036,1150.434,2.398
393,3517136,completed,1783538507.188,1783538508.279,1148.938,1150.029,1.091
394,4054893,completed,1783538508.117,1783538509.714,1149.867,1151.464,1.597
395,4167464,completed,1783538509.500,1783538510.654,1151.249,1152.403,1.154
396,3739960,completed,1783538510.396,1783538511.714,1152.146,1153.464,1.318
397,3361998,completed,1783538513.624,1783538515.682,1155.374,1157.432,2.058
398,3951636,completed,1783538517.280,1783538518.650,1159.030,1160.400,1.370
399,3832779,completed,1783538521.272,1783538522.618,1163.022,1164.368,1.346
400,3131146,completed,1783538522.206,1783538523.320,1163.956,1165.070,1.114
401,3127443,completed,1783538522.880,1783538524.025,1164.630,1165.775,1.145
402,4102649,completed,1783538524.675,1783538526.019,1166.425,1167.769,1.344
403,3630829,completed,1783538525.259,1783538526.631,1167.009,1168.381,1.372
404,3516308,completed,1783538526.039,1783538527.494,1167.789,1169.244,1.455
405,2825158,completed,1783538526.438,1783538529.066,1168.188,1170.816,2.628
406,4425003,completed,1783538527.118,1783538528.499,1168.867,1170.248,1.381
407,3842815,completed,1783538527.821,1783538529.165,1169.571,1170.915,1.344
408,3290453,completed,1783538528.853,1783538530.216,1170.602,1171.965,1.363
409,3779518,completed,1783538529.162,1783538530.493,1170.912,1172.243,1.331
410,4071125,completed,1783538529.461,1783538530.804,1171.211,1172.554,1.343
411,3339241,completed,1783538529.980,1783538531.348,1171.730,1173.098,1.368
412,2708520,completed,1783538531.010,1783538532.373,1172.759,1174.122,1.363
413,2809848,completed,1783538531.697,1783538532.866,1173.447,1174.616,1.169
414,3757688,completed,1783538533.791,1783538537.979,1175.541,1179.729,4.188
415,4281572,completed,1783538534.927,1783538537.846,1176.677,1179.596,2.919
416,4235107,completed,1783538537.717,1783538538.904,1179.467,1180.654,1.187
417,3299196,completed,1783538539.841,1783538541.066,1181.591,1182.816,1.225
418,4274348,completed,1783538541.909,1783538544.435,1183.658,1186.184,2.526
419,2864757,completed,1783538543.708,1783538544.829,1185.457,1186.578,1.121
420,3763164,completed,1783538544.418,1783538545.541,1186.168,1187.291,1.123
421,3943556,completed,1783538546.990,1783538548.156,1188.740,1189.906,1.166
422,4316146,completed,1783538548.528,1783538550.951,1190.278,1192.701,2.423
423,4192078,completed,1783538551.146,1783538552.505,1192.895,1194.254,1.359
424,2907144,completed,1783538551.968,1783538553.156,1193.718,1194.906,1.188
425,3910348,completed,1783538553.492,1783538554.877,1195.242,1196.627,1.385
426,3400083,completed,1783538554.039,1783538556.647,1195.789,1198.397,2.608
427,4353411,completed,1783538555.839,1783538557.326,1197.589,1199.076,1.487
428,2907145,completed,1783538557.296,1783538558.464,1199.045,1200.213,1.168
429,2824102,completed,1783538557.767,1783538559.198,1199.517,1200.948,1.431
430,3057207,completed,1783538559.240,1783538560.591,1200.989,1202.340,1.351
431,4378275,completed,1783538560.308,1783538561.720,1202.058,1203.470,1.412
432,2669282,completed,1783538561.249,1783538565.496,1202.999,1207.246,4.247
433,2722960,completed,1783538561.779,1783538565.743,1203.529,1207.493,3.964
434,2798275,completed,1783538562.329,1783538566.230,1204.079,1207.980,3.901
435,2845679,completed,1783538563.028,1783538566.779,1204.777,1208.528,3.751
436,3558338,completed,1783538564.153,1783538566.272,1205.903,1208.022,2.119
437,2802090,completed,1783538565.347,1783538566.820,1207.097,1208.570,1.473
438,2665911,completed,1783538567.102,1783538568.566,1208.852,1210.316,1.464
439,2846559,completed,1783538568.034,1783538570.620,1209.783,1212.369,2.586
440,3226077,completed,1783538568.938,1783538570.485,1210.688,1212.235,1.547
441,2800360,completed,1783538570.548,1783538571.876,1212.298,1213.626,1.328
442,2740626,completed,1783538572.354,1783538573.441,1214.103,1215.190,1.087
443,4141564,completed,1783538573.748,1783538576.434,1215.497,1218.183,2.686
444,2579542,completed,1783538575.245,1783538576.579,1216.995,1218.329,1.334
445,2737625,completed,1783538575.730,1783538577.196,1217.479,1218.945,1.466
446,4204710,completed,1783538577.259,1783538579.697,1219.008,1221.446,2.438
447,3330881,completed,1783538577.760,1783538580.444,1219.510,1222.194,2.684
448,4045577,completed,1783538579.477,1783538580.898,1221.226,1222.647,1.421
449,4316871,completed,1783538581.594,1783538582.961,1223.344,1224.711,1.367
450,3849044,completed,1783538582.928,1783538583.994,1224.678,1225.744,1.066
451,4484070,completed,1783538583.378,1783538584.720,1225.128,1226.470,1.342
452,3803106,completed,1783538584.927,1783538586.887,1226.677,1228.637,1.960
453,2696260,completed,1783538586.949,1783538588.319,1228.698,1230.068,1.370
454,2913559,completed,1783538587.488,1783538588.866,1229.238,1230.616,1.378
455,3135353,completed,1783538588.372,1783538589.730,1230.122,1231.480,1.358
456,3302752,completed,1783538589.040,1783538591.480,1230.790,1233.230,2.440
457,4223925,completed,1783538591.314,1783538592.738,1233.063,1234.487,1.424
458,3649846,completed,1783538595.177,1783538596.348,1236.927,1238.098,1.171
459,4110968,completed,1783538596.021,1783538598.788,1237.771,1240.538,2.767
460,2397772,completed,1783538596.571,1783538598.081,1238.320,1239.830,1.510
461,3197748,completed,1783538597.495,1783538600.842,1239.245,1242.592,3.347
462,2393345,completed,1783538598.133,1783538605.934,1239.882,1247.683,7.801
463,3315830,completed,1783538598.898,1783538602.728,1240.648,1244.478,3.830
464,2609022,completed,1783538599.561,1783538612.220,1241.311,1253.970,12.659
465,2610954,completed,1783538600.279,1783538617.853,1242.029,1259.603,17.574
466,2739605,completed,1783538601.109,1783538617.838,1242.859,1259.588,16.729
467,4495547,completed,1783538601.367,1783538604.087,1243.117,1245.837,2.720
468,2387519,completed,1783538602.090,1783538603.708,1243.840,1245.458,1.618
469,2842420,completed,1783538602.658,1783538617.815,1244.408,1259.565,15.157
470,2742683,completed,1783538603.361,1783538606.910,1245.111,1248.660,3.549
471,2802499,completed,1783538604.082,1783538616.494,1245.831,1258.243,12.412
472,2381528,completed,1783538604.407,1783538617.029,1246.157,1258.779,12.622
473,4084820,completed,1783538604.671,1783538607.599,1246.421,1249.349,2.928
474,3359356,completed,1783538604.935,1783538617.550,1246.685,1259.300,12.615
475,2610979,completed,1783538605.264,1783538617.738,1247.013,1259.487,12.474
476,4158429,completed,1783538605.649,1783538609.133,1247.399,1250.883,3.484
477,2840834,completed,1783538606.148,1783538618.122,1247.898,1259.872,11.974
478,3128850,completed,1783538606.449,1783538612.789,1248.199,1254.539,6.340
479,3232678,completed,1783538606.925,1783538618.455,1248.675,1260.205,11.530
480,3915884,completed,1783538607.285,1783538617.838,1249.035,1259.588,10.553
481,3618372,completed,1783538607.689,1783538609.268,1249.438,1251.017,1.579
482,2605488,completed,1783538608.017,1783538614.588,1249.767,1256.338,6.571
483,3184438,completed,1783538608.588,1783538612.997,1250.338,1254.747,4.409
484,4183590,completed,1783538609.106,1783538617.816,1250.856,1259.566,8.710
485,2895525,completed,1783538609.488,1783538617.009,1251.238,1258.759,7.521
486,4394374,completed,1783538609.735,1783538618.953,1251.485,1260.703,9.218
487,2610980,completed,1783538610.532,1783538617.992,1252.282,1259.742,7.460
488,4376062,completed,1783538610.931,1783538617.055,1252.681,1258.805,6.124
489,4481698,completed,1783538611.330,1783538617.833,1253.079,1259.582,6.503
490,3637330,completed,1783538611.858,1783538613.372,1253.608,1255.122,1.514
491,4227029,completed,1783538612.655,1783538617.042,1254.405,1258.792,4.387
492,3028643,completed,1783538612.934,1783538614.979,1254.684,1256.729,2.045
493,2966710,completed,1783538613.343,1783538618.483,1255.093,1260.233,5.140
494,3438026,completed,1783538613.659,1783538618.454,1255.409,1260.204,4.795
495,4369699,completed,1783538614.255,1783538617.646,1256.004,1259.395,3.391
496,2844757,completed,1783538614.949,1783538617.690,1256.699,1259.440,2.741
497,4159624,completed,1783538615.942,1783538619.147,1257.692,1260.897,3.205
498,2527878,completed,1783538617.327,1783538618.955,1259.076,1260.704,1.628
499,2738063,completed,1783538618.707,1783538620.197,1260.457,1261.947,1.490
500,4281661,completed,1783538625.341,1783538626.813,1267.091,1268.563,1.472
501,3774842,completed,1783538629.861,1783538630.992,1271.611,1272.742,1.131
502,3461249,completed,1783538633.665,1783538634.786,1275.415,1276.536,1.121
503,3887327,completed,1783538635.268,1783538637.339,1277.017,1279.088,2.071
504,4076845,completed,1783538636.293,1783538637.671,1278.042,1279.420,1.378
505,2821639,completed,1783538637.712,1783538639.827,1279.462,1281.577,2.115
506,2762705,completed,1783538638.818,1783538641.888,1280.568,1283.638,3.070
507,3015100,completed,1783538639.223,1783538641.096,1280.973,1282.846,1.873
508,3016111,completed,1783538640.093,1783538641.515,1281.843,1283.265,1.422
509,3904489,completed,1783538640.642,1783538646.822,1282.392,1288.572,6.180
510,3117117,completed,1783538640.736,1783538642.122,1282.486,1283.872,1.386
511,3927805,completed,1783538641.958,1783538644.268,1283.708,1286.018,2.310
512,4358814,completed,1783538642.287,1783538647.169,1284.037,1288.919,4.882
513,2728802,completed,1783538642.670,1783538647.037,1284.420,1288.787,4.367
514,4263045,completed,1783538643.030,1783538647.350,1284.780,1289.100,4.320
515,2859483,completed,1783538643.506,1783538645.722,1285.256,1287.472,2.216
516,2974217,completed,1783538643.847,1783538646.433,1285.597,1288.183,2.586
517,2920666,completed,1783538644.239,1783538648.399,1285.989,1290.149,4.160
518,3008145,completed,1783538644.524,1783538646.828,1286.273,1288.577,2.304
519,3664912,completed,1783538644.816,1783538646.817,1286.566,1288.567,2.001
520,4378145,completed,1783538645.104,1783538646.969,1286.854,1288.719,1.865
521,3201717,completed,1783538645.907,1783538647.587,1287.657,1289.337,1.680
522,3959048,completed,1783538646.475,1783538647.720,1288.225,1289.470,1.245
523,3767008,completed,1783538648.101,1783538649.521,1289.851,1291.271,1.420
524,3083784,completed,1783538649.690,1783538650.796,1291.439,1292.545,1.106
525,3173682,completed,1783538651.376,1783538653.910,1293.126,1295.660,2.534
526,3555458,completed,1783538654.007,1783538654.986,1295.757,1296.736,0.979
527,4002440,completed,1783538655.060,1783538657.106,1296.810,1298.856,2.046
528,4293042,completed,1783538657.970,1783538659.139,1299.720,1300.889,1.169
529,4044959,completed,1783538658.753,1783538659.893,1300.503,1301.643,1.140
530,2862134,completed,1783538659.498,1783538660.636,1301.248,1302.386,1.138
531,3360658,completed,1783538661.155,1783538662.550,1302.905,1304.300,1.395
532,4443644,completed,1783538661.696,1783538662.811,1303.446,1304.561,1.115
533,3033236,completed,1783538662.648,1783538663.813,1304.398,1305.563,1.165
534,4126405,completed,1783538663.784,1783538665.050,1305.533,1306.799,1.266
535,3021588,completed,1783538665.075,1783538666.542,1306.825,1308.292,1.467
536,3852038,completed,1783538666.280,1783538668.430,1308.030,1310.180,2.150
537,3904570,completed,1783538667.437,1783538668.819,1309.187,1310.569,1.382
538,3670215,completed,1783538668.456,1783538669.594,1310.206,1311.344,1.138
539,3674067,completed,1783538669.482,1783538670.857,1311.232,1312.607,1.375
540,3953390,completed,1783538671.113,1783538673.092,1312.863,1314.842,1.979
541,2731832,completed,1783538671.712,1783538673.113,1313.462,1314.863,1.401
542,2810158,completed,1783538672.324,1783538673.700,1314.074,1315.450,1.376
543,4102682,completed,1783538672.540,1783538673.694,1314.290,1315.444,1.154
544,4380393,completed,1783538673.446,1783538674.519,1315.196,1316.269,1.073
545,3110988,completed,1783538673.864,1783538675.301,1315.613,1317.050,1.437
546,3744015,completed,1783538674.474,1783538675.556,1316.224,1317.306,1.082
547,4338438,completed,1783538674.861,1783538676.004,1316.611,1317.754,1.143
548,3338875,completed,1783538675.285,1783538676.397,1317.035,1318.147,1.112
549,2788184,completed,1783538675.883,1783538677.221,1317.633,1318.971,1.338
550,4115750,completed,1783538676.192,1783538677.629,1317.941,1319.378,1.437
551,3516309,completed,1783538676.664,1783538678.963,1318.414,1320.713,2.299
552,4190802,completed,1783538677.140,1783538679.531,1318.890,1321.281,2.391
553,3173409,completed,1783538677.665,1783538680.999,1319.415,1322.749,3.334
554,3508260,completed,1783538678.003,1783538679.494,1319.752,1321.243,1.491
555,2907599,completed,1783538678.480,1783538679.937,1320.230,1321.687,1.457
556,2721710,completed,1783538679.173,1783538681.465,1320.923,1323.215,2.292
557,4296464,completed,1783538679.726,1783538681.439,1321.476,1323.189,1.713
558,2817921,completed,1783538680.245,1783538681.688,1321.995,1323.438,1.443
559,4211089,completed,1783538680.562,1783538681.439,1322.311,1323.188,0.877
560,3664938,completed,1783538680.800,1783538682.065,1322.550,1323.815,1.265
561,2855278,completed,1783538681.271,1783538682.398,1323.021,1324.148,1.127
562,3508261,completed,1783538681.667,1783538683.066,1323.417,1324.816,1.399
563,2906769,completed,1783538681.984,1783538683.129,1323.734,1324.879,1.145
564,3433653,completed,1783538682.221,1783538684.165,1323.971,1325.915,1.944
565,3443416,completed,1783538682.850,1783538684.043,1324.600,1325.793,1.193
566,3457815,completed,1783538683.831,1783538685.196,1325.581,1326.946,1.365
567,4023784,completed,1783538684.390,1783538686.306,1326.140,1328.056,1.916
568,3333877,completed,1783538685.458,1783538686.918,1327.208,1328.668,1.460
569,3347078,completed,1783538685.631,1783538686.719,1327.381,1328.469,1.088
570,4500886,completed,1783538686.485,1783538687.584,1328.235,1329.334,1.099
571,4329402,completed,1783538687.027,1783538688.218,1328.777,1329.968,1.191
572,3025168,completed,1783538687.362,1783538691.520,1329.112,1333.270,4.158
573,3532217,completed,1783538687.848,1783538689.288,1329.598,1331.038,1.440
574,3839112,completed,1783538688.662,1783538691.524,1330.412,1333.274,2.862
575,2833604,completed,1783538688.960,1783538690.361,1330.710,1332.111,1.401
576,3097770,completed,1783538689.814,1783538691.318,1331.563,1333.067,1.504
577,3711616,completed,1783538690.722,1783538693.195,1332.471,1334.944,2.473
578,3575058,completed,1783538691.331,1783538692.803,1333.081,1334.553,1.472
579,3447134,completed,1783538692.220,1783538693.618,1333.970,1335.368,1.398
580,4376063,completed,1783538692.955,1783538695.058,1334.705,1336.808,2.103
581,4109425,completed,1783538693.898,1783538695.371,1335.648,1337.121,1.473
582,3821939,completed,1783538694.368,1783538695.509,1336.118,1337.259,1.141
583,2496026,completed,1783538695.541,1783538696.824,1337.291,1338.574,1.283
584,4025687,completed,1783538697.410,1783538698.842,1339.160,1340.592,1.432
585,2757985,completed,1783538698.434,1783538700.863,1340.184,1342.613,2.429
586,3487130,completed,1783538700.419,1783538701.803,1342.169,1343.553,1.384
587,3769874,completed,1783538703.088,1783538705.352,1344.837,1347.101,2.264
588,4168605,completed,1783538703.932,1783538705.395,1345.681,1347.144,1.463
589,3510663,completed,1783538704.777,1783538705.996,1346.527,1347.746,1.219
590,3929932,completed,1783538705.365,1783538707.461,1347.115,1349.211,2.096
591,4468276,completed,1783538706.620,1783538713.133,1348.370,1354.883,6.513
592,2724926,completed,1783538706.962,1783538708.441,1348.712,1350.191,1.479
593,3309888,completed,1783538707.592,1783538712.503,1349.341,1354.252,4.911
594,2929439,completed,1783538708.190,1783538712.971,1349.940,1354.721,4.781
595,3821940,completed,1783538708.613,1783538713.642,1350.363,1355.392,5.029
596,4422617,completed,1783538708.866,1783538712.548,1350.616,1354.298,3.682
597,3565272,completed,1783538709.518,1783538714.076,1351.268,1355.826,4.558
598,3875243,completed,1783538709.974,1783538714.176,1351.723,1355.925,4.202
599,4356150,completed,1783538710.915,1783538713.105,1352.665,1354.855,2.190
600,2906820,completed,1783538711.447,1783538720.143,1353.197,1361.893,8.696
601,2947353,completed,1783538712.264,1783538714.261,1354.013,1356.010,1.997
602,2805719,completed,1783538713.136,1783538719.385,1354.886,1361.135,6.249
603,3670674,completed,1783538713.679,1783538719.641,1355.429,1361.391,5.962
604,3563246,completed,1783538714.141,1783538716.323,1355.890,1358.072,2.182
605,4437506,completed,1783538714.889,1783538720.107,1356.639,1361.857,5.218
606,4195435,completed,1783538715.163,1783538719.988,1356.913,1361.738,4.825
607,3236717,completed,1783538715.722,1783538719.926,1357.472,1361.676,4.204
608,3202657,completed,1783538716.045,1783538720.533,1357.794,1362.282,4.488
609,3361999,completed,1783538716.372,1783538720.106,1358.122,1361.856,3.734
610,4274453,completed,1783538716.979,1783538720.113,1358.728,1361.862,3.134
611,3599190,completed,1783538717.285,1783538720.102,1359.035,1361.852,2.817
612,4100165,completed,1783538717.780,1783538720.134,1359.530,1361.884,2.354
613,3587861,completed,1783538718.289,1783538720.617,1360.039,1362.367,2.328
614,3028991,completed,1783538718.823,1783538721.696,1360.573,1363.446,2.873
615,3404095,completed,1783538719.869,1783538721.338,1361.618,1363.087,1.469
616,4468277,completed,1783538720.157,1783538721.359,1361.907,1363.109,1.202
617,3510799,completed,1783538720.580,1783538721.970,1362.329,1363.719,1.390
618,2776759,completed,1783538721.030,1783538722.088,1362.780,1363.838,1.058
619,2728570,completed,1783538721.784,1783538723.962,1363.534,1365.712,2.178
620,4327654,completed,1783538722.388,1783538726.206,1364.138,1367.956,3.818
621,2710896,completed,1783538722.990,1783538727.108,1364.740,1368.858,4.118
622,3959079,completed,1783538723.477,1783538725.474,1365.227,1367.224,1.997
623,2721711,completed,1783538723.986,1783538731.839,1365.736,1373.589,7.853
624,3132236,completed,1783538726.046,1783538727.602,1367.796,1369.352,1.556
625,4181902,failed,1783538726.725,1783538726.728,1368.475,1368.478,0.003
626,2659887,completed,1783538727.219,1783538728.558,1368.968,1370.307,1.339
627,2678693,completed,1783538728.725,1783538730.197,1370.475,1371.947,1.472
628,2711539,completed,1783538729.834,1783538731.630,1371.584,1373.380,1.796
629,2684702,completed,1783538730.567,1783538731.983,1372.317,1373.733,1.416
630,3517167,completed,1783538731.388,1783538732.770,1373.138,1374.520,1.382
631,2797465,completed,1783538732.472,1783538734.865,1374.222,1376.615,2.393
632,3378042,completed,1783538733.981,1783538735.388,1375.731,1377.138,1.407
633,3234826,completed,1783538735.163,1783538736.814,1376.913,1378.564,1.651
634,2825171,failed,1783538736.054,1783538736.056,1377.804,1377.806,0.002
635,3636325,completed,1783538736.548,1783538739.167,1378.298,1380.917,2.619
636,4486130,completed,1783538737.794,1783538739.513,1379.544,1381.263,1.719
637,4084849,completed,1783538738.801,1783538740.697,1380.551,1382.447,1.896
638,3070809,completed,1783538739.102,1783538741.579,1380.852,1383.329,2.477
639,2659888,completed,1783538739.595,1783538742.492,1381.345,1384.242,2.897
640,3854212,completed,1783538740.203,1783538741.744,1381.953,1383.494,1.541
641,3059516,completed,1783538740.905,1783538742.062,1382.655,1383.812,1.157
642,3596542,completed,1783538741.417,1783538742.888,1383.167,1384.638,1.471
643,2659889,completed,1783538742.115,1783538743.201,1383.865,1384.951,1.086
644,2744497,completed,1783538742.358,1783538743.430,1384.107,1385.179,1.072
645,3693887,completed,1783538743.458,1783538744.859,1385.208,1386.609,1.401
646,4497975,completed,1783538743.863,1783538744.954,1385.613,1386.704,1.091
647,3242835,completed,1783538744.078,1783538745.198,1385.828,1386.948,1.120
648,4382194,completed,1783538744.873,1783538746.192,1386.623,1387.942,1.319
649,4425124,completed,1783538745.215,1783538746.653,1386.965,1388.403,1.438
650,2998090,completed,1783538745.711,1783538747.060,1387.461,1388.810,1.349
651,4013259,completed,1783538746.595,1783538747.745,1388.345,1389.495,1.150
652,2907201,completed,1783538746.989,1783538749.183,1388.739,1390.933,2.194
653,4331237,completed,1783538747.816,1783538751.278,1389.566,1393.028,3.462
654,4139056,completed,1783538748.063,1783538751.364,1389.813,1393.114,3.301
655,3017763,completed,1783538748.424,1783538750.364,1390.173,1392.113,1.940
656,2874487,completed,1783538748.521,1783538750.553,1390.271,1392.303,2.032
657,3925069,completed,1783538748.955,1783538752.486,1390.705,1394.236,3.531
658,3060183,completed,1783538749.544,1783538751.406,1391.294,1393.156,1.862
659,3979425,completed,1783538749.921,1783538751.875,1391.671,1393.625,1.954
660,4489051,completed,1783538750.261,1783538751.883,1392.011,1393.633,1.622
661,2920412,completed,1783538751.041,1783538752.517,1392.791,1394.267,1.476
662,4457533,completed,1783538751.575,1783538752.253,1393.325,1394.003,0.678
663,4045021,completed,1783538752.050,1783538753.190,1393.800,1394.940,1.140
664,4334088,completed,1783538752.295,1783538753.640,1394.045,1395.390,1.345
665,3098679,completed,1783538753.210,1783538754.564,1394.960,1396.314,1.354
666,4442892,completed,1783538753.597,1783538754.694,1395.347,1396.444,1.097
667,3682150,completed,1783538754.542,1783538756.001,1396.292,1397.751,1.459
668,3773082,completed,1783538754.946,1783538756.293,1396.696,1398.043,1.347
669,3811424,completed,1783538755.283,1783538756.832,1397.033,1398.582,1.549
670,3254966,completed,1783538755.766,1783538758.579,1397.516,1400.329,2.813
671,2974271,completed,1783538756.798,1783538759.445,1398.548,1401.195,2.647
672,4031978,completed,1783538757.495,1783538758.841,1399.244,1400.590,1.346
673,3626102,completed,1783538758.897,1783538760.240,1400.647,1401.990,1.343
674,4222206,completed,1783538759.838,1783538761.897,1401.588,1403.647,2.059
675,3998339,completed,1783538760.646,1783538762.164,1402.396,1403.914,1.518
676,2799392,completed,1783538762.141,1783538764.164,1403.891,1405.914,2.023
677,2737115,completed,1783538762.822,1783538764.236,1404.571,1405.985,1.414
678,2744028,completed,1783538763.767,1783538765.765,1405.517,1407.515,1.998
679,3118958,completed,1783538765.489,1783538769.011,1407.239,1410.761,3.522
680,2801667,completed,1783538766.166,1783538768.342,1407.916,1410.092,2.176
681,2796322,completed,1783538766.340,1783538769.810,1408.089,1411.559,3.470
682,3254967,completed,1783538767.055,1783538770.410,1408.805,1412.160,3.355
683,3932147,completed,1783538767.526,1783538769.536,1409.276,1411.286,2.010
684,3827554,completed,1783538767.946,1783538769.935,1409.696,1411.685,1.989
685,2799423,completed,1783538768.342,1783538769.932,1410.092,1411.682,1.590
686,3775690,completed,1783538769.391,1783538770.752,1411.141,1412.502,1.361
687,3549397,completed,1783538769.835,1783538771.302,1411.585,1413.052,1.467
688,4323611,completed,1783538770.775,1783538772.096,1412.525,1413.846,1.321
689,2862135,completed,1783538771.166,1783538772.580,1412.916,1414.330,1.414
690,4198302,completed,1783538772.441,1783538773.556,1414.191,1415.306,1.115
691,4204817,completed,1783538772.872,1783538773.986,1414.622,1415.736,1.114
692,2741635,completed,1783538773.191,1783538774.984,1414.941,1416.734,1.793
693,2737644,completed,1783538773.240,1783538774.997,1414.990,1416.747,1.757
694,4213912,completed,1783538773.701,1783538776.298,1415.451,1418.048,2.597
695,3231772,completed,1783538774.123,1783538776.894,1415.873,1418.644,2.771
696,2744557,completed,1783538774.642,1783538776.145,1416.392,1417.895,1.503
697,2803138,completed,1783538775.032,1783538776.525,1416.781,1418.274,1.493
698,3392909,completed,1783538775.770,1783538778.395,1417.520,1420.145,2.625
699,4350731,completed,1783538776.068,1783538777.528,1417.817,1419.277,1.460
700,2696317,completed,1783538776.312,1783538777.732,1418.062,1419.482,1.420
701,3892561,completed,1783538776.870,1783538778.321,1418.620,1420.071,1.451
702,2579644,completed,1783538777.571,1783538779.473,1419.321,1421.223,1.902
703,2738064,completed,1783538777.973,1783538780.511,1419.723,1422.261,2.538
704,2576557,completed,1783538778.906,1783538781.170,1420.656,1422.920,2.264
705,2665971,completed,1783538779.258,1783538780.704,1421.008,1422.454,1.446
706,3323377,completed,1783538779.810,1783538781.240,1421.560,1422.990,1.430
707,2747611,completed,1783538780.972,1783538782.421,1422.722,1424.171,1.449
708,2655590,completed,1783538781.454,1783538783.421,1423.204,1425.171,1.967
709,3131909,completed,1783538782.099,1783538783.524,1423.849,1425.274,1.425
710,3878826,completed,1783538782.386,1783538783.780,1424.136,1425.530,1.394
711,3776156,completed,1783538782.949,1783538784.364,1424.699,1426.114,1.415
712,2785916,completed,1783538783.388,1783538784.466,1425.138,1426.216,1.078
713,2599300,completed,1783538783.494,1783538784.913,1425.244,1426.663,1.419
714,2903010,completed,1783538784.460,1783538785.568,1426.210,1427.318,1.108
715,3517199,completed,1783538785.634,1783538787.688,1427.384,1429.438,2.054
716,2746652,completed,1783538786.705,1783538788.185,1428.455,1429.935,1.480
717,4255093,completed,1783538787.444,1783538788.565,1429.194,1430.315,1.121
718,2816723,completed,1783538787.948,1783538789.055,1429.698,1430.805,1.107
719,2707325,completed,1783538788.812,1783538790.215,1430.562,1431.965,1.403
720,3326014,completed,1783538789.278,1783538790.601,1431.028,1432.351,1.323
721,3140755,completed,1783538789.593,1783538790.927,1431.342,1432.676,1.334
722,4328537,completed,1783538790.024,1783538791.442,1431.774,1433.192,1.418
723,4297347,completed,1783538790.893,1783538792.218,1432.643,1433.968,1.325
724,2745525,completed,1783538791.839,1783538792.992,1433.589,1434.742,1.153
725,2604900,completed,1783538792.208,1783538794.714,1433.958,1436.464,2.506
726,4162867,completed,1783538792.478,1783538793.598,1434.228,1435.348,1.120
727,3535361,completed,1783538792.844,1783538794.430,1434.594,1436.180,1.586
728,4501988,completed,1783538793.894,1783538796.008,1435.644,1437.758,2.114
729,4199805,completed,1783538795.207,1783538797.215,1436.957,1438.965,2.008
730,3500660,completed,1783538795.640,1783538796.805,1437.390,1438.555,1.165
731,2669329,completed,1783538796.414,1783538797.946,1438.164,1439.696,1.532
732,2665994,completed,1783538796.951,1783538798.401,1438.700,1440.150,1.450
733,2705732,completed,1783538798.127,1783538799.452,1439.877,1441.202,1.325
734,3464237,completed,1783538799.089,1783538800.608,1440.839,1442.358,1.519
735,3207241,completed,1783538799.455,1783538802.598,1441.205,1444.348,3.143
736,3146694,completed,1783538800.388,1783538801.939,1442.138,1443.689,1.551
737,3558339,completed,1783538800.898,1783538803.684,1442.648,1445.434,2.786
738,3228799,completed,1783538801.268,1783538802.957,1443.018,1444.707,1.689
739,2845820,completed,1783538801.876,1783538803.961,1443.626,1445.711,2.085
740,4061870,completed,1783538802.574,1783538803.838,1444.324,1445.588,1.264
741,2824148,completed,1783538803.147,1783538807.168,1444.897,1448.918,4.021
742,3272865,completed,1783538803.383,1783538805.940,1445.132,1447.689,2.557
743,4430077,completed,1783538803.894,1783538805.642,1445.644,1447.392,1.748
744,4382654,completed,1783538804.187,1783538808.043,1445.937,1449.793,3.856
745,2711580,completed,1783538804.659,1783538807.325,1446.409,1449.075,2.666
746,4110969,completed,1783538805.568,1783538806.968,1447.317,1448.717,1.400
747,4183591,completed,1783538805.761,1783538807.021,1447.510,1448.770,1.260
748,3924566,completed,1783538806.233,1783538808.039,1447.983,1449.789,1.806
749,3296056,completed,1783538806.826,1783538809.047,1448.576,1450.797,2.221
750,2967130,completed,1783538807.007,1783538810.093,1448.756,1451.842,3.086
751,3615359,completed,1783538807.318,1783538810.413,1449.068,1452.163,3.095
752,3398828,completed,1783538807.402,1783538809.917,1449.152,1451.667,2.515
753,2863398,completed,1783538808.088,1783538811.238,1449.838,1452.988,3.150
754,4032041,completed,1783538808.506,1783538810.011,1450.256,1451.761,1.505
755,3228800,completed,1783538809.386,1783538810.870,1451.136,1452.620,1.484
756,3072820,completed,1783538809.533,1783538810.918,1451.283,1452.668,1.385
757,2876357,completed,1783538809.779,1783538811.148,1451.529,1452.898,1.369
758,3525995,completed,1783538809.954,1783538811.403,1451.703,1453.152,1.449
759,2904744,completed,1783538810.381,1783538812.637,1452.131,1454.387,2.256
760,4012469,completed,1783538810.588,1783538812.063,1452.338,1453.813,1.475
761,3659075,completed,1783538811.614,1783538813.624,1453.364,1455.374,2.010
762,4084850,completed,1783538812.293,1783538813.715,1454.043,1455.465,1.422
763,2840859,completed,1783538813.138,1783538814.473,1454.888,1456.223,1.335
764,3707580,completed,1783538813.678,1783538815.102,1455.427,1456.851,1.424
765,2886572,completed,1783538814.138,1783538815.340,1455.888,1457.090,1.202
766,3016333,completed,1783538814.732,1783538816.780,1456.482,1458.530,2.048
767,3311904,completed,1783538815.349,1783538816.939,1457.099,1458.689,1.590
768,2953695,completed,1783538815.767,1783538817.176,1457.517,1458.926,1.409
769,3483539,completed,1783538816.880,1783538818.889,1458.629,1460.638,2.009
770,2861267,completed,1783538818.104,1783538819.567,1459.854,1461.317,1.463
771,3904217,completed,1783538820.043,1783538821.514,1461.793,1463.264,1.471
772,3922567,completed,1783538823.316,1783538825.512,1465.066,1467.262,2.196
773,3750634,completed,1783538824.160,1783538826.641,1465.910,1468.391,2.481
774,4211230,completed,1783538826.211,1783538828.351,1467.961,1470.101,2.140
775,4428083,completed,1783538828.041,1783538829.124,1469.791,1470.874,1.083
776,3899522,completed,1783538830.001,1783538832.383,1471.751,1474.133,2.382
777,3107185,failed,1783538831.034,1783538831.036,1472.784,1472.786,0.002
778,2904763,completed,1783538831.426,1783538832.868,1473.176,1474.618,1.442
779,3543218,completed,1783538832.672,1783538836.179,1474.422,1477.929,3.507
780,2804654,completed,1783538833.047,1783538833.800,1474.797,1475.550,0.753
781,3677035,completed,1783538833.859,1783538835.319,1475.609,1477.069,1.460
782,3033292,completed,1783538834.283,1783538835.437,1476.033,1477.187,1.154
783,4062270,completed,1783538834.957,1783538836.032,1476.706,1477.781,1.075
784,3913116,completed,1783538835.526,1783538836.165,1477.276,1477.915,0.639
785,3774111,completed,1783538835.858,1783538836.965,1477.608,1478.715,1.107
786,2939572,completed,1783538836.194,1783538837.536,1477.944,1479.286,1.342
787,4286278,completed,1783538836.762,1783538838.193,1478.512,1479.943,1.431
788,2974576,completed,1783538837.246,1783538840.325,1478.995,1482.074,3.079
789,3387224,completed,1783538837.872,1783538840.082,1479.622,1481.832,2.210
790,2860167,completed,1783538838.466,1783538840.098,1480.216,1481.848,1.632
791,3284393,completed,1783538838.731,1783538842.235,1480.481,1483.985,3.504
792,4375914,completed,1783538839.185,1783538842.278,1480.934,1484.027,3.093
793,3082885,completed,1783538839.606,1783538841.215,1481.356,1482.965,1.609
794,3005773,completed,1783538840.112,1783538841.772,1481.862,1483.522,1.660
795,4369727,completed,1783538840.553,1783538844.113,1482.303,1485.863,3.560
796,3142018,completed,1783538841.549,1783538842.994,1483.299,1484.744,1.445
797,2842491,completed,1783538842.169,1783538846.447,1483.918,1488.196,4.278
798,3364475,completed,1783538842.385,1783538844.148,1484.135,1485.898,1.763
799,2765581,completed,1783538842.560,1783538850.391,1484.310,1492.141,7.831
800,3868277,completed,1783538843.124,1783538850.030,1484.874,1491.780,6.906
801,3815361,completed,1783538843.701,1783538847.174,1485.451,1488.924,3.473
802,3658776,completed,1783538844.112,1783538850.724,1485.862,1492.474,6.612
803,4167465,completed,1783538844.387,1783538846.710,1486.137,1488.460,2.323
804,4416554,completed,1783538844.646,1783538846.893,1486.396,1488.643,2.247
805,2899242,completed,1783538844.997,1783538850.104,1486.747,1491.854,5.107
806,4485685,completed,1783538845.478,1783538850.886,1487.228,1492.636,5.408
807,3171726,completed,1783538845.933,1783538850.349,1487.683,1492.099,4.416
808,3664967,completed,1783538846.329,1783538847.896,1488.079,1489.646,1.567
809,4227107,completed,1783538846.744,1783538851.804,1488.494,1493.554,5.060
810,3389971,completed,1783538847.323,1783538851.289,1489.073,1493.039,3.966
811,3844243,completed,1783538848.030,1783538852.456,1489.779,1494.205,4.426
812,3452810,completed,1783538848.253,1783538867.708,1490.003,1509.458,19.455
813,4219579,completed,1783538848.896,1783538854.344,1490.645,1496.093,5.448
814,3970977,completed,1783538849.319,1783538853.277,1491.069,1495.027,3.958
815,3508353,completed,1783538849.861,1783538851.281,1491.611,1493.031,1.420
816,3482694,completed,1783538850.302,1783538862.098,1492.052,1503.848,11.796
817,4150166,completed,1783538850.923,1783538855.718,1492.673,1497.468,4.795
818,2775643,completed,1783538851.366,1783538852.980,1493.116,1494.730,1.614
819,2935888,completed,1783538851.871,1783538853.605,1493.621,1495.355,1.734
820,3632928,completed,1783538851.984,1783538862.678,1493.734,1504.428,10.694
821,3199132,completed,1783538852.692,1783538864.682,1494.442,1506.432,11.990
822,4139277,completed,1783538852.831,1783538856.889,1494.581,1498.639,4.058
823,2931811,completed,1783538853.503,1783538857.870,1495.253,1499.620,4.367
824,3162230,completed,1783538854.508,1783538861.090,1496.258,1502.840,6.582
825,4162924,completed,1783538855.215,1783538856.900,1496.965,1498.650,1.685
826,3720964,completed,1783538856.238,1783538861.859,1497.988,1503.609,5.621
827,3858199,completed,1783538857.058,1783538859.359,1498.808,1501.109,2.301
828,3167184,completed,1783538857.307,1783538862.091,1499.057,1503.841,4.784
829,2711581,completed,1783538857.674,1783538859.440,1499.423,1501.189,1.766
830,2864845,completed,1783538858.039,1783538864.329,1499.789,1506.079,6.290
831,2904375,completed,1783538858.500,1783538863.997,1500.250,1505.747,5.497
832,4409836,completed,1783538858.793,1783538863.526,1500.542,1505.275,4.733
833,4429493,completed,1783538859.404,1783538861.101,1501.154,1502.851,1.697
834,4339121,completed,1783538859.946,1783538861.854,1501.695,1503.603,1.908
835,2803994,completed,1783538860.309,1783538866.813,1502.059,1508.563,6.504
836,3381874,completed,1783538861.231,1783538863.479,1502.980,1505.228,2.248
837,3443444,completed,1783538861.940,1783538863.353,1503.690,1505.103,1.413
838,3635391,completed,1783538862.785,1783538864.262,1504.535,1506.012,1.477
839,4372686,completed,1783538863.797,1783538865.365,1505.547,1507.115,1.568
840,2958872,completed,1783538865.389,1783538867.614,1507.139,1509.364,2.225
841,4428576,completed,1783538866.397,1783538868.770,1508.146,1510.519,2.373
842,3951637,completed,1783538867.989,1783538869.333,1509.739,1511.083,1.344
843,3914517,completed,1783538869.479,1783538870.905,1511.228,1512.654,1.426
844,3323378,completed,1783538870.962,1783538872.396,1512.712,1514.146,1.434
845,4036774,completed,1783538871.618,1783538874.103,1513.368,1515.853,2.485
846,3090900,completed,1783538872.194,1783538874.172,1513.943,1515.921,1.978
847,2821358,completed,1783538872.924,1783538874.572,1514.674,1516.322,1.648
848,4224007,completed,1783538873.729,1783538875.082,1515.479,1516.832,1.353
849,4078182,completed,1783538874.483,1783538876.458,1516.233,1518.208,1.975
850,4467008,completed,1783538874.909,1783538876.121,1516.659,1517.871,1.212
851,3936421,completed,1783538875.165,1783538876.658,1516.915,1518.408,1.493
852,4132685,completed,1783538875.382,1783538876.567,1517.131,1518.316,1.185
853,3744152,completed,1783538876.005,1783538877.408,1517.755,1519.158,1.403
854,2758618,completed,1783538876.229,1783538878.518,1517.979,1520.268,2.289
855,3298149,completed,1783538877.234,1783538882.217,1518.983,1523.966,4.983
856,2817642,completed,1783538877.535,1783538883.085,1519.285,1524.835,5.550
857,3612154,completed,1783538878.086,1783538880.980,1519.836,1522.730,2.894
858,4440274,completed,1783538878.282,1783538880.693,1520.031,1522.442,2.411
859,3867723,completed,1783538878.781,1783538883.103,1520.531,1524.853,4.322
860,3169056,completed,1783538879.271,1783538883.027,1521.021,1524.777,3.756
861,4124509,completed,1783538879.622,1783538890.324,1521.371,1532.073,10.702
862,4372619,completed,1783538880.045,1783538882.475,1521.795,1524.225,2.430
863,2873385,completed,1783538880.536,1783538882.051,1522.285,1523.800,1.515
864,3178333,completed,1783538881.037,1783538882.604,1522.786,1524.353,1.567
865,2982276,completed,1783538881.193,1783538883.051,1522.943,1524.801,1.858
866,2769886,completed,1783538882.142,1783538891.033,1523.892,1532.783,8.891
867,2695367,completed,1783538882.346,1783538885.077,1524.096,1526.827,2.731
868,2943077,completed,1783538882.672,1783538890.542,1524.422,1532.292,7.870
869,3913117,completed,1783538882.907,1783538886.092,1524.657,1527.842,3.185
870,3639831,completed,1783538883.281,1783538890.249,1525.031,1531.999,6.968
871,3998678,completed,1783538883.391,1783538890.272,1525.141,1532.022,6.881
872,2994021,completed,1783538883.952,1783538891.714,1525.702,1533.464,7.762
873,4311981,completed,1783538884.410,1783538892.922,1526.160,1534.672,8.512
874,4138238,completed,1783538884.768,1783538887.371,1526.518,1529.121,2.603
875,2974327,completed,1783538885.366,1783538893.085,1527.116,1534.835,7.719
876,4448515,completed,1783538885.601,1783538892.320,1527.351,1534.070,6.719
877,3319612,completed,1783538886.205,1783538892.797,1527.955,1534.547,6.592
878,4425557,completed,1783538886.697,1783538892.477,1528.447,1534.227,5.780
879,3632110,completed,1783538887.051,1783538889.957,1528.800,1531.706,2.906
880,3630054,completed,1783538889.054,1783538891.043,1530.804,1532.793,1.989
881,3460137,completed,1783538890.317,1783538892.321,1532.067,1534.071,2.004
882,3632929,completed,1783538890.928,1783538893.647,1532.678,1535.397,2.719
883,3659076,completed,1783538892.168,1783538893.769,1533.918,1535.519,1.601
884,3115761,completed,1783538893.593,1783538894.761,1535.343,1536.511,1.168
885,2701899,completed,1783538894.742,1783538896.263,1536.492,1538.013,1.521
886,3797182,completed,1783538895.474,1783538896.845,1537.224,1538.595,1.371
887,4379192,completed,1783538895.876,1783538897.344,1537.626,1539.094,1.468
888,3537461,completed,1783538896.133,1783538898.484,1537.883,1540.234,2.351
889,2824858,completed,1783538896.727,1783538898.363,1538.477,1540.113,1.636
890,2861268,completed,1783538897.008,1783538898.455,1538.758,1540.205,1.447
891,4233844,completed,1783538897.209,1783538898.433,1538.959,1540.183,1.224
892,3098803,completed,1783538897.686,1783538898.799,1539.436,1540.549,1.113
893,2860508,completed,1783538898.823,1783538899.959,1540.572,1541.708,1.136
894,3659131,completed,1783538899.302,1783538900.423,1541.052,1542.173,1.121
895,3688332,completed,1783538899.617,1783538900.711,1541.367,1542.461,1.094
896,3224153,completed,1783538900.289,1783538901.431,1542.039,1543.181,1.142
897,4071159,completed,1783538900.453,1783538901.881,1542.203,1543.631,1.428
898,4402631,completed,1783538900.673,1783538901.779,1542.423,1543.529,1.106
899,3965987,completed,1783538901.169,1783538903.198,1542.919,1544.948,2.029
900,2886597,completed,1783538901.913,1783538903.079,1543.663,1544.829,1.166
901,2707326,completed,1783538902.378,1783538903.493,1544.128,1545.243,1.115
902,4141623,completed,1783538902.921,1783538903.995,1544.671,1545.745,1.074
903,3379988,completed,1783538903.356,1783538905.450,1545.106,1547.200,2.094
904,3126242,completed,1783538903.574,1783538905.087,1545.324,1546.837,1.513
905,3774139,completed,1783538904.000,1783538906.322,1545.750,1548.072,2.322
906,3232507,completed,1783538904.537,1783538906.042,1546.287,1547.792,1.505
907,4236219,completed,1783538904.843,1783538906.168,1546.593,1547.918,1.325
908,4448993,completed,1783538905.939,1783538908.152,1547.689,1549.902,2.213
909,3903517,completed,1783538906.234,1783538907.591,1547.984,1549.341,1.357
910,2811871,completed,1783538906.674,1783538907.970,1548.424,1549.720,1.296
911,3756469,completed,1783538907.387,1783538917.189,1549.137,1558.939,9.802
912,2986833,completed,1783538907.787,1783538912.796,1549.537,1554.546,5.009
913,4312057,completed,1783538908.117,1783538912.266,1549.867,1554.016,4.149
914,2900489,completed,1783538908.402,1783538913.289,1550.152,1555.039,4.887
915,2769908,completed,1783538909.145,1783538913.772,1550.894,1555.521,4.627
916,4503966,completed,1783538909.977,1783538915.553,1551.727,1557.303,5.576
917,3300356,completed,1783538910.436,1783538913.267,1552.186,1555.017,2.831
918,3132264,completed,1783538910.642,1783538916.079,1552.392,1557.829,5.437
919,3184516,completed,1783538910.993,1783538913.583,1552.743,1555.333,2.590
920,4398529,completed,1783538911.284,1783538914.023,1553.034,1555.773,2.739
921,2703658,completed,1783538911.876,1783538913.622,1553.626,1555.372,1.746
922,4500916,completed,1783538912.487,1783538914.552,1554.237,1556.302,2.065
923,4139307,completed,1783538912.754,1783538916.311,1554.504,1558.061,3.557
924,3090953,completed,1783538913.352,1783538915.938,1555.101,1557.687,2.586
925,3683312,completed,1783538914.426,1783538916.315,1556.176,1558.065,1.889
926,2915510,completed,1783538914.816,1783538916.339,1556.566,1558.089,1.523
927,3755704,completed,1783538915.005,1783538916.591,1556.755,1558.341,1.586
928,4257742,completed,1783538915.590,1783538918.179,1557.339,1559.928,2.589
929,3526022,completed,1783538916.122,1783538919.655,1557.872,1561.405,3.533
930,4331115,completed,1783538916.603,1783538918.017,1558.352,1559.766,1.414
931,3731578,completed,1783538917.169,1783538918.635,1558.919,1560.385,1.466
932,3184200,completed,1783538917.732,1783538919.302,1559.482,1561.052,1.570
933,2717876,completed,1783538918.237,1783538920.289,1559.987,1562.039,2.052
934,3154589,completed,1783538918.592,1783538921.596,1560.342,1563.346,3.004
935,4398530,completed,1783538919.300,1783538922.120,1561.050,1563.870,2.820
936,4401562,completed,1783538919.602,1783538920.285,1561.352,1562.035,0.683
937,2713661,completed,1783538920.356,1783538921.865,1562.106,1563.615,1.509
938,3998787,completed,1783538921.685,1783538922.806,1563.434,1564.555,1.121
939,2881687,completed,1783538922.373,1783538924.400,1564.123,1566.150,2.027
940,3927461,completed,1783538922.658,1783538923.874,1564.408,1565.624,1.216
941,4042989,completed,1783538924.593,1783538925.701,1566.343,1567.451,1.108
942,3927491,completed,1783538925.991,1783538928.008,1567.741,1569.758,2.017
943,2899789,completed,1783538927.528,1783538929.508,1569.278,1571.258,1.980
944,4123612,completed,1783538928.424,1783538929.884,1570.174,1571.634,1.460
945,3711643,completed,1783538930.387,1783538931.063,1572.137,1572.813,0.676
946,4139308,completed,1783538932.012,1783538933.457,1573.762,1575.207,1.445
947,3362113,completed,1783538933.238,1783538935.201,1574.988,1576.951,1.963
948,3755732,completed,1783538935.242,1783538936.338,1576.992,1578.088,1.096
949,3387256,completed,1783538936.876,1783538937.963,1578.626,1579.713,1.087
950,3983081,completed,1783538937.702,1783538938.772,1579.452,1580.522,1.070
951,4297436,completed,1783538938.545,1783538939.627,1580.295,1581.377,1.082
952,3383891,completed,1783538939.077,1783538941.493,1580.827,1583.243,2.416
953,3340248,completed,1783538940.569,1783538941.681,1582.318,1583.430,1.112
954,4045052,completed,1783538941.388,1783538943.615,1583.138,1585.365,2.227
955,3721825,completed,1783538941.676,1783538950.601,1583.426,1592.351,8.925
956,3370326,completed,1783538942.754,1783538943.990,1584.504,1585.740,1.236
957,2817643,completed,1783538943.319,1783538950.605,1585.069,1592.355,7.286
958,3184541,completed,1783538943.634,1783538949.165,1585.384,1590.915,5.531
959,2701900,completed,1783538944.113,1783538950.605,1585.863,1592.355,6.492
960,3903518,completed,1783538944.478,1783538950.472,1586.228,1592.222,5.994
961,2804692,completed,1783538945.210,1783538953.058,1586.959,1594.807,7.848
962,3499180,completed,1783538945.725,1783538948.109,1587.475,1589.859,2.384
963,2876358,completed,1783538945.845,1783538953.368,1587.595,1595.118,7.523
964,3526105,completed,1783538946.228,1783538953.417,1587.977,1595.166,7.189
965,2897398,completed,1783538947.173,1783538949.521,1588.923,1591.271,2.348
966,4211394,completed,1783538948.070,1783538953.455,1589.820,1595.205,5.385
967,2808097,completed,1783538949.160,1783538953.895,1590.910,1595.645,4.735
968,3636326,completed,1783538949.949,1783538953.366,1591.699,1595.116,3.417
969,3517822,completed,1783538950.615,1783538953.985,1592.365,1595.735,3.370
970,3313265,completed,1783538950.878,1783538954.122,1592.628,1595.872,3.244
971,3101122,completed,1783538951.973,1783538956.109,1593.723,1597.859,4.136
972,3330158,completed,1783538952.374,1783538953.722,1594.124,1595.472,1.348
973,3588305,completed,1783538953.749,1783538954.869,1595.499,1596.619,1.120
974,3128337,completed,1783538954.755,1783538955.859,1596.505,1597.609,1.104
975,2730108,completed,1783538955.638,1783538957.166,1597.387,1598.915,1.528
976,4457711,completed,1783538957.314,1783538958.426,1599.064,1600.176,1.112
977,3232508,completed,1783538958.847,1783538960.216,1600.597,1601.966,1.369
978,3526106,completed,1783538959.146,1783538961.151,1600.896,1602.901,2.005
979,2774824,completed,1783538960.161,1783538961.473,1601.911,1603.223,1.312
980,3887468,completed,1783538960.993,1783538962.350,1602.743,1604.100,1.357
981,4500973,completed,1783538962.654,1783538963.997,1604.404,1605.747,1.343
982,2994913,completed,1783538964.534,1783538965.627,1606.284,1607.377,1.093
983,3663795,completed,1783538982.031,1783538983.645,1623.781,1625.395,1.614
984,2731847,completed,1783538987.989,1783538989.153,1629.739,1630.903,1.164
985,4504039,completed,1783539011.855,1783539013.917,1653.605,1655.667,2.062
986,4356586,completed,1783539062.715,1783539064.191,1704.465,1705.941,1.476
987,3041276,completed,1783539078.854,1783539080.808,1720.603,1722.557,1.954
988,3824303,completed,1783539098.426,1783539100.146,1740.176,1741.896,1.720
989,990003000,completed,1783539135.600,1783539139.162,1777.350,1780.912,3.562
990,2772421,completed,1783539213.519,1783539214.665,1855.269,1856.415,1.146
991,2998156,completed,1783539222.141,1783539224.123,1863.891,1865.873,1.982
992,3918322,completed,1783539260.388,1783539261.465,1902.138,1903.215,1.077
993,3347191,completed,1783539288.005,1783539289.225,1929.754,1930.974,1.220
994,990003300,completed,1783539315.600,1783539319.028,1957.350,1960.778,3.428
995,3897674,completed,1783539378.085,1783539379.224,2019.834,2020.973,1.139
996,3637937,completed,1783539399.308,1783539400.476,2041.058,2042.226,1.168
997,2874515,completed,1783539430.037,1783539431.392,2071.787,2073.142,1.355
998,990003500,completed,1783539435.601,1783539439.097,2077.350,2080.846,3.496
999,3664996,completed,1783539495.459,1783539496.624,2137.209,2138.374,1.165
1000,990003700,completed,1783539555.600,1783539559.176,2197.350,2200.926,3.576
1001,2704455,completed,1783539616.230,1783539617.359,2257.980,2259.109,1.129
1002,4349219,completed,1783539725.207,1783539727.635,2366.957,2369.385,2.428
